YearMonth,Preco_Kg_Real,SPI_A001,SPI_A002,SPI_A003,SPI_A004,SPI_A008,SPI_A009,SPI_A010,SPI_A011,SPI_A012,SPI_A013,SPI_A014,SPI_A015,SPI_A016,SPI_A018,SPI_A020,SPI_A021,SPI_A023,SPI_A024,SPI_A025,SPI_A026,SPI_A027,SPI_A028,SPI_A033,SPI_A034,SPI_A035,SPI_A036,SPI_A037,SPI_A040,SPI_A041,SPI_A042,SPI_A043,SPI_A044,SPI_A045,SPI_A047,SPI_A049,SPI_A050,SPI_A051,SPI_A053,SPI_A055
2002-04,0.173833333,-1.700692974,-3.90138493,-0.735002893,0.146284808,-0.07661315,-1.164368249,-1.109590394,-0.860863953,-0.820004152,-0.70483001,-0.70483001,-0.767560913,-0.717148548,-0.793509707,-0.780469618,-0.780469618,-0.729576886,-0.668496377,-0.729576886,-0.65658098,-0.598332162,0.057435263,-0.668496377,-0.621377694,-0.65658098,-0.644758083,-0.281110101,-0.009567429,-0.03827848,0.54204681,0.086212229,-0.455353474,-0.530998459,0.465991794,0.434229026,0.41329661,0.36172539,0.36172539,0.434229026
2002-05,0.1885,-1.643695083,-3.885511135,-0.730234376,0.180303076,-0.07661315,-1.164368249,-1.109590394,-0.860863953,-0.820004152,-0.70483001,-0.70483001,-0.767560913,-0.717148548,-0.793509707,-0.780469618,-0.780469618,-0.729576886,-0.668496377,-0.729576886,-0.65658098,-0.598332162,0.057435263,-0.668496377,-0.621377694,-0.65658098,-0.644758083,-0.281110101,-0.009567429,-0.03827848,0.54204681,0.086212229,-0.455353474,-0.530998459,0.465991794,0.434229026,0.41329661,0.36172539,0.36172539,0.434229026
2002-06,0.202833333,-1.643695083,-3.885511135,-0.730234376,0.180303076,-0.07661315,-1.164368249,-1.109590394,-0.860863953,-0.820004152,-0.70483001,-0.70483001,-0.767560913,-0.717148548,-0.793509707,-0.780469618,-0.780469618,-0.729576886,-0.668496377,-0.729576886,-0.65658098,-0.598332162,0.057435263,-0.668496377,-0.621377694,-0.65658098,-0.644758083,-0.281110101,-0.009567429,-0.03827848,0.54204681,0.086212229,-0.455353474,-0.530998459,0.465991794,0.434229026,0.41329661,0.36172539,0.36172539,0.434229026
2002-07,0.209,-1.627103951,-3.885511135,-0.726728431,0.180880163,-0.07661315,-1.164368249,-1.109590394,-0.860863953,-0.820004152,-0.70483001,-0.70483001,-0.767560913,-0.717148548,-0.793509707,-0.780469618,-0.780469618,-0.729576886,-0.668496377,-0.729576886,-0.65658098,-0.598332162,0.057435263,-0.668496377,-0.621377694,-0.65658098,-0.644758083,-0.281110101,-0.009567429,-0.03827848,0.54204681,0.086212229,-0.455353474,-0.530998459,0.465991794,0.434229026,0.41329661,0.36172539,0.36172539,0.434229026
2002-08,0.216666667,-1.737365631,-3.842026216,-0.724478043,0.180880163,-0.07661315,-1.164368249,-1.109590394,-0.860863953,-0.820004152,-0.70483001,-0.70483001,-0.767560913,-0.717148548,-0.793509707,-0.780469618,-0.780469618,-0.729576886,-0.668496377,-0.729576886,-0.65658098,-0.598332162,0.057435263,-0.668496377,-0.621377694,-0.65658098,-0.644758083,-0.281110101,-0.009567429,-0.03827848,0.54204681,0.086212229,-0.455353474,-0.530998459,0.465991794,0.434229026,0.41329661,0.36172539,0.36172539,0.434229026
2002-09,0.236833333,-1.720621337,-3.711469156,-0.650468328,0.191443605,-0.07661315,-1.164368249,-1.109590394,-0.860863953,-0.820004152,-0.70483001,-0.70483001,-0.767560913,-0.717148548,-0.793509707,-0.780469618,-0.780469618,-0.729576886,-0.668496377,-0.729576886,-0.65658098,-0.598332162,0.057435263,-0.668496377,-0.621377694,-0.65658098,-0.644758083,-0.281110101,-0.009567429,-0.03827848,0.54204681,0.086212229,-0.455353474,-0.530998459,0.465991794,0.434229026,0.41329661,0.36172539,0.36172539,0.434229026
2002-10,0.316166667,-2.158560089,-3.663551708,-0.610968809,0.251717346,-0.07661315,-1.164368249,-1.109590394,-0.860863953,-0.820004152,-0.70483001,-0.70483001,-0.767560913,-0.717148548,-0.793509707,-0.780469618,-0.780469618,-0.729576886,-0.668496377,-0.729576886,-0.65658098,-0.598332162,0.057435263,-0.668496377,-0.621377694,-0.65658098,-0.644758083,-0.281110101,-0.009567429,-0.03827848,0.54204681,0.086212229,-0.455353474,-0.530998459,0.465991794,0.434229026,0.41329661,0.36172539,0.36172539,0.434229026
2002-11,0.385666667,-2.425646124,-3.175788646,-0.510410603,0.388942352,-0.07661315,-1.164368249,-1.109590394,-0.860863953,-0.820004152,-0.70483001,-0.70483001,-0.767560913,-0.717148548,-0.793509707,-0.780469618,-0.780469618,-0.729576886,-0.668496377,-0.729576886,-0.65658098,-0.598332162,0.057435263,-0.668496377,-0.621377694,-0.65658098,-0.644758083,-0.281110101,-0.009567429,-0.03827848,0.54204681,0.086212229,-0.455353474,-0.530998459,0.465991794,0.434229026,0.41329661,0.36172539,0.36172539,0.434229026
2002-12,0.382333333,-1.675677119,-2.279265727,-0.294927027,0.525345509,-0.07661315,-1.164368249,-1.109590394,-0.860863953,-0.820004152,-0.70483001,-0.70483001,-0.767560913,-0.717148548,-0.793509707,-0.780469618,-0.780469618,-0.729576886,-0.668496377,-0.729576886,-0.65658098,-0.598332162,0.057435263,-0.668496377,-0.621377694,-0.65658098,-0.644758083,-0.281110101,-0.009567429,-0.03827848,0.54204681,0.086212229,-0.455353474,-0.530998459,0.465991794,0.434229026,0.41329661,0.36172539,0.36172539,0.434229026
2003-01,0.327,-1.285968481,-1.365038227,-0.04984983,0.559332641,-0.07661315,-1.164368249,-1.109590394,-0.860863953,-0.820004152,-0.70483001,-0.70483001,-0.767560913,-0.717148548,-0.793509707,-0.780469618,-0.780469618,-0.729576886,-0.668496377,-0.729576886,-0.65658098,-0.598332162,0.057435263,-0.668496377,-0.621377694,-0.65658098,-0.644758083,-0.281110101,-0.009567429,-0.03827848,0.54204681,0.086212229,-0.455353474,-0.530998459,0.465991794,0.434229026,0.41329661,0.36172539,0.36172539,0.434229026
2003-02,0.329,-1.174297552,-0.626028017,0.144747899,0.560876736,-0.07661315,-1.164368249,-1.109590394,-0.860863953,-0.820004152,-0.70483001,-0.70483001,-0.767560913,-0.717148548,-0.793509707,-0.780469618,-0.780469618,-0.729576886,-0.668496377,-0.729576886,-0.65658098,-0.598332162,0.057435263,-0.668496377,-0.621377694,-0.65658098,-0.644758083,-0.281110101,-0.009567429,-0.03827848,0.54204681,0.086212229,-0.455353474,-0.530998459,0.465991794,0.434229026,0.41329661,0.36172539,0.36172539,0.434229026
2003-03,0.320833333,-1.465163749,-0.253806099,0.360383609,0.562934367,-0.07661315,-1.164368249,-1.109590394,-0.860863953,-0.820004152,-0.70483001,-0.70483001,-0.767560913,-0.717148548,-0.793509707,-0.780469618,-0.780469618,-0.729576886,-0.668496377,-0.729576886,-0.65658098,-0.598332162,0.057435263,-0.668496377,-0.621377694,-0.65658098,-0.644758083,-0.281110101,-0.009567429,-0.03827848,0.54204681,0.086212229,-0.455353474,-0.530998459,0.465991794,0.434229026,0.41329661,0.36172539,0.36172539,0.434229026
2003-04,0.310833333,-1.679521714,0.137432632,0.416193416,0.562934367,-0.07661315,-1.164368249,-1.109590394,-0.860863953,-0.820004152,-0.70483001,-0.70483001,-0.767560913,-0.717148548,-0.793509707,-0.780469618,-0.780469618,-0.729576886,-0.668496377,-0.729576886,-0.65658098,-0.598332162,0.057435263,-0.668496377,-0.621377694,-0.65658098,-0.644758083,-0.281110101,-0.009567429,-0.03827848,0.54204681,0.086212229,-0.455353474,-0.530998459,0.465991794,0.434229026,0.41329661,0.36172539,0.36172539,0.434229026
2003-05,0.2625,-1.76511888,0.139939843,0.425995447,0.564476719,-0.07661315,-1.164368249,-1.109590394,-0.860863953,-0.820004152,-0.70483001,-0.70483001,-0.767560913,-0.717148548,-0.793509707,-0.780469618,-0.780469618,-0.729576886,-0.668496377,-0.729576886,-0.65658098,-0.598332162,0.057435263,-0.668496377,-0.621377694,-0.65658098,-0.644758083,-0.281110101,-0.009567429,-0.03827848,0.54204681,0.086212229,-0.455353474,-0.530998459,0.465991794,0.434229026,0.41329661,0.36172539,0.36172539,0.434229026
2003-06,0.24,-1.76511888,0.143950077,0.424512692,0.568414894,-0.07661315,-1.164368249,-1.109590394,-0.860863953,-0.820004152,-0.70483001,-0.70483001,-0.767560913,-0.717148548,-0.793509707,-0.780469618,-0.780469618,-0.729576886,-0.668496377,-0.729576886,-0.65658098,-0.598332162,0.057435263,-0.668496377,-0.621377694,-0.65658098,-0.644758083,-0.281110101,-0.009567429,-0.03827848,0.54204681,0.086212229,-0.455353474,-0.530998459,0.465991794,0.434229026,0.41329661,0.36172539,0.36172539,0.434229026
2003-07,0.213166667,-1.808514377,0.143950077,0.424512692,0.567045646,-0.076606894,-1.164368249,-1.109590394,-0.860863953,-0.820004152,-0.70483001,-0.70483001,-0.767560913,-0.717148548,-0.793509707,-0.780469618,-0.780469618,-0.729576886,-0.668496377,-0.729576886,-0.65658098,-0.598332162,0.057435263,-0.668496377,-0.621377694,-0.65658098,-0.644758083,-0.281110101,-0.009567429,-0.03827848,0.54204681,0.086212229,-0.455353474,-0.530998459,0.465991794,0.434229026,0.41329661,0.36172539,0.36172539,0.434229026
2003-08,0.228833333,-1.816306397,0.108806059,0.412321713,0.575593801,-0.07656595,-1.164368249,-1.109590394,-0.860863953,-0.820004152,-0.70483001,-0.70483001,-0.767560913,-0.717148548,-0.793509707,-0.780469618,-0.780469618,-0.729576886,-0.668496377,-0.729576886,-0.65658098,-0.598332162,0.057435263,-0.668496377,-0.621377694,-0.65658098,-0.644758083,-0.281110101,-0.009567429,-0.03827848,0.54204681,0.086212229,-0.455353474,-0.530998459,0.465991794,0.434229026,0.41329661,0.36172539,0.36172539,0.434229026
2003-09,0.268833333,-1.940489314,-0.153632927,0.334855313,0.533141011,-0.07653236,-1.164368249,-1.109590394,-0.860863953,-0.820004152,-0.70483001,-0.70483001,-0.767560913,-0.717148548,-0.793509707,-0.780469618,-0.780469618,-0.729576886,-0.668496377,-0.729576886,-0.65658098,-0.598332162,0.057435263,-0.668496377,-0.621377694,-0.65658098,-0.644758083,-0.281110101,-0.009567429,-0.03827848,0.54204681,0.086212229,-0.455353474,-0.530998459,0.465991794,0.434229026,0.41329661,0.36172539,0.36172539,0.434229026
2003-10,0.250333333,-2.207076559,-0.386693633,0.237091495,0.381516022,-0.07612075,-1.164368249,-1.109590394,-0.860863953,-0.820004152,-0.70483001,-0.70483001,-0.767560913,-0.717148548,-0.793509707,-0.780469618,-0.780469618,-0.729576886,-0.668496377,-0.729576886,-0.65658098,-0.598332162,0.057435263,-0.668496377,-0.621377694,-0.65658098,-0.644758083,-0.281110101,-0.009567429,-0.03827848,0.54204681,0.086212229,-0.455353474,-0.530998459,0.465991794,0.434229026,0.41329661,0.36172539,0.36172539,0.434229026
2003-11,0.256666667,-2.125677348,-0.78015182,0.213485762,0.248700051,-0.072424545,-1.164368249,-1.109590394,-0.860863953,-0.820004152,-0.70483001,-0.70483001,-0.767560913,-0.717148548,-0.793509707,-0.780469618,-0.780469618,-0.729576886,-0.668496377,-0.729576886,-0.65658098,-0.598332162,0.057435263,-0.668496377,-0.621377694,-0.65658098,-0.644758083,-0.281110101,-0.009567429,-0.03827848,0.54204681,0.086212229,-0.455353474,-0.530998459,0.465991794,0.434229026,0.41329661,0.36172539,0.36172539,0.434229026
2003-12,0.256666667,-1.798782789,-0.707151138,-0.032591553,-0.082739816,-0.060954779,-1.164368249,-1.109590394,-0.860863953,-0.820004152,-0.70483001,-0.70483001,-0.767560913,-0.717148548,-0.793509707,-0.780469618,-0.780469618,-0.729576886,-0.668496377,-0.729576886,-0.65658098,-0.598332162,0.057435263,-0.668496377,-0.621377694,-0.65658098,-0.644758083,-0.281110101,-0.009567429,-0.03827848,0.54204681,0.086212229,-0.455353474,-0.530998459,0.465991794,0.434229026,0.41329661,0.36172539,0.36172539,0.434229026
2004-01,0.244166667,-1.077702849,0.036626124,-0.191553971,-0.409575685,-0.00172337,-1.164368249,-1.109590394,-0.860863953,-0.820004152,-0.70483001,-0.70483001,-0.767560913,-0.717148548,-0.793509707,-0.780469618,-0.780469618,-0.729576886,-0.668496377,-0.729576886,-0.65658098,-0.598332162,0.057435263,-0.668496377,-0.621377694,-0.65658098,-0.644758083,-0.281110101,-0.009567429,-0.03827848,0.54204681,0.086212229,-0.455353474,-0.530998459,0.465991794,0.434229026,0.41329661,0.36172539,0.36172539,0.434229026
2004-02,0.229166667,-1.349080031,-0.032508525,-0.47051094,-0.562332202,0.074063485,-1.164368249,-1.109590394,-0.860863953,-0.820004152,-0.70483001,-0.70483001,-0.767560913,-0.717148548,-0.793509707,-0.780469618,-0.780469618,-0.729576886,-0.668496377,-0.729576886,-0.65658098,-0.598332162,0.057435263,-0.668496377,-0.621377694,-0.65658098,-0.644758083,-0.281110101,-0.009567429,-0.03827848,0.54204681,0.086212229,-0.455353474,-0.530998459,0.465991794,0.434229026,0.41329661,0.36172539,0.36172539,0.434229026
2004-03,0.251666667,-1.198126889,0.046246557,-0.501698403,-0.578979494,0.153479623,-1.164368249,-1.109590394,-0.860863953,-0.820004152,-0.70483001,-0.70483001,-0.767560913,-0.717148548,-0.793509707,-0.780469618,-0.780469618,-0.729576886,-0.668496377,-0.729576886,-0.65658098,-0.598332162,0.057435263,-0.668496377,-0.621377694,-0.65658098,-0.644758083,-0.281110101,-0.009567429,-0.03827848,0.54204681,0.086212229,-0.455353474,-0.530998459,0.465991794,0.434229026,0.41329661,0.36172539,0.36172539,0.434229026
2004-04,0.286333333,-1.09162094,0.20540691,-0.518935952,-0.613494323,0.20230995,-1.164368249,-1.109590394,-0.860863953,-0.820004152,-0.70483001,-0.70483001,-0.767560913,-0.717148548,-0.793509707,-0.780469618,-0.780469618,-0.729576886,-0.668496377,-0.729576886,-0.65658098,-0.598332162,0.057435263,-0.668496377,-0.621377694,-0.65658098,-0.644758083,-0.281110101,-0.009567429,-0.03827848,0.54204681,0.086212229,-0.455353474,-0.530998459,0.465991794,0.434229026,0.41329661,0.36172539,0.36172539,0.434229026
2004-05,0.283333333,-1.14565189,0.236740196,-0.523212275,-0.646092287,0.211074245,-1.164368249,-1.109590394,-0.860863953,-0.820004152,-0.70483001,-0.70483001,-0.767560913,-0.717148548,-0.793509707,-0.780469618,-0.780469618,-0.729576886,-0.668496377,-0.729576886,-0.65658098,-0.598332162,0.057435263,-0.668496377,-0.621377694,-0.65658098,-0.644758083,-0.281110101,-0.009567429,-0.03827848,0.54204681,0.086212229,-0.455353474,-0.530998459,0.465991794,0.434229026,0.41329661,0.36172539,0.36172539,0.434229026
2004-06,0.268333333,-1.14565189,0.238726331,-0.523212275,-0.646092287,0.211074245,-1.164368249,-1.109590394,-0.860863953,-0.820004152,-0.70483001,-0.70483001,-0.767560913,-0.717148548,-0.793509707,-0.780469618,-0.780469618,-0.729576886,-0.668496377,-0.729576886,-0.65658098,-0.598332162,0.057435263,-0.668496377,-0.621377694,-0.65658098,-0.644758083,-0.281110101,-0.009567429,-0.03827848,0.54204681,0.086212229,-0.455353474,-0.530998459,0.465991794,0.434229026,0.41329661,0.36172539,0.36172539,0.434229026
2004-07,0.241333333,-1.162098352,0.24567473,-0.526369112,-0.646636738,0.211746132,-1.164368249,-1.109590394,-0.860863953,-0.820004152,-0.70483001,-0.70483001,-0.767560913,-0.717148548,-0.793509707,-0.780469618,-0.780469618,-0.729576886,-0.668496377,-0.729576886,-0.65658098,-0.598332162,0.057435263,-0.668496377,-0.621377694,-0.65658098,-0.644758083,-0.281110101,-0.009567429,-0.03827848,0.54204681,0.086212229,-0.455353474,-0.530998459,0.465991794,0.434229026,0.41329661,0.36172539,0.36172539,0.434229026
2004-08,0.231666667,-1.217719734,0.218349902,-0.528401144,-0.646636738,0.211746132,-1.164368249,-1.109590394,-0.860863953,-0.820004152,-0.70483001,-0.70483001,-0.767560913,-0.717148548,-0.793509707,-0.780469618,-0.780469618,-0.729576886,-0.668496377,-0.729576886,-0.65658098,-0.598332162,0.057435263,-0.668496377,-0.621377694,-0.65658098,-0.644758083,-0.281110101,-0.009567429,-0.03827848,0.54204681,0.086212229,-0.455353474,-0.530998459,0.465991794,0.434229026,0.41329661,0.36172539,0.36172539,0.434229026
2004-09,0.234,-1.38825311,0.155470589,-0.597822493,-0.656546345,0.211746132,-1.164368249,-1.109590394,-0.860863953,-0.820004152,-0.70483001,-0.70483001,-0.767560913,-0.717148548,-0.793509707,-0.780469618,-0.780469618,-0.729576886,-0.668496377,-0.729576886,-0.65658098,-0.598332162,0.057435263,-0.668496377,-0.621377694,-0.65658098,-0.644758083,-0.281110101,-0.009567429,-0.03827848,0.54204681,0.086212229,-0.455353474,-0.530998459,0.465991794,0.434229026,0.41329661,0.36172539,0.36172539,0.434229026
2004-10,0.216666667,-1.228756853,0.419806094,-0.63705305,-0.623627411,0.265561084,-1.164368249,-1.109590394,-0.860863953,-0.820004152,-0.70483001,-0.70483001,-0.767560913,-0.717148548,-0.793509707,-0.780469618,-0.780469618,-0.729576886,-0.668496377,-0.729576886,-0.65658098,-0.598332162,0.057435263,-0.668496377,-0.621377694,-0.65658098,-0.644758083,-0.281110101,-0.009567429,-0.03827848,0.54204681,0.086212229,-0.455353474,-0.530998459,0.465991794,0.434229026,0.41329661,0.36172539,0.36172539,0.434229026
2004-11,0.195833333,-1.364607203,0.29812972,-0.744576313,-0.745202451,0.306607565,-1.164368249,-1.109590394,-0.860863953,-0.820004152,-0.70483001,-0.70483001,-0.767560913,-0.717148548,-0.793509707,-0.780469618,-0.780469618,-0.729576886,-0.668496377,-0.729576886,-0.65658098,-0.598332162,0.057435263,-0.668496377,-0.621377694,-0.65658098,-0.644758083,-0.281110101,-0.009567429,-0.03827848,0.54204681,0.086212229,-0.455353474,-0.530998459,0.465991794,0.434229026,0.41329661,0.36172539,0.36172539,0.434229026
2004-12,0.193333333,-1.978705538,0.233760261,-1.020773318,-0.832310542,0.410493359,-1.164368231,-1.109590394,-0.860863953,-0.820004152,-0.70483001,-0.70483001,-0.767560913,-0.717148548,-0.793509707,-0.780469618,-0.780469618,-0.729576886,-0.668496377,-0.729576886,-0.65658098,-0.598332162,0.057435263,-0.668496377,-0.621377694,-0.65658098,-0.644758083,-0.281110101,-0.009567429,-0.03827848,0.54204681,0.086212229,-0.455353474,-0.530998459,0.465991794,0.434229026,0.41329661,0.36172539,0.36172539,0.434229026
2005-01,0.2225,-1.818905072,-0.063674359,-1.450222789,-0.845188711,0.49719023,-1.164318637,-1.109590394,-0.860863953,-0.820004152,-0.70483001,-0.70483001,-0.767560913,-0.717148548,-0.793509707,-0.780469618,-0.780469618,-0.729576886,-0.668496377,-0.729576886,-0.65658098,-0.598332162,0.057435263,-0.668496377,-0.621377694,-0.65658098,-0.644758083,-0.281110101,-0.009567429,-0.03827848,0.54204681,0.086212229,-0.455353474,-0.530998459,0.465991794,0.434229026,0.41329661,0.36172539,0.36172539,0.434229026
2005-02,0.220833333,-1.465791391,-0.653717433,-1.961623481,-0.84567912,0.691380029,-1.162462585,-1.109590394,-0.860863953,-0.820004152,-0.70483001,-0.70483001,-0.767560913,-0.717148548,-0.793509707,-0.780469618,-0.780469618,-0.729576886,-0.668496377,-0.729576886,-0.65658098,-0.598332162,0.057435263,-0.668496377,-0.621377694,-0.65658098,-0.644758083,-0.281110101,-0.009567429,-0.03827848,0.54204681,0.086212229,-0.455353474,-0.530998459,0.465991794,0.434229026,0.41329661,0.36172539,0.36172539,0.434229026
2005-03,0.237666667,-0.666089889,-0.254327803,-3.151930183,-0.846319736,0.91533935,-1.146590895,-1.086091766,-0.860863953,-0.820004152,-0.70483001,-0.70483001,-0.767560913,-0.717148548,-0.793509707,-0.780469618,-0.780469618,-0.729576886,-0.668496377,-0.729576886,-0.65658098,-0.598332162,0.057435263,-0.668496377,-0.621377694,-0.65658098,-0.644758083,-0.281110101,-0.009567429,-0.03827848,0.54204681,0.086212229,-0.455353474,-0.530998459,0.465991794,0.434229026,0.41329661,0.36172539,0.36172539,0.434229026
2005-04,0.258833333,-0.801343707,-0.540212515,-4.242301631,-0.846319736,0.955343702,-1.115227102,-1.071425297,-0.860863953,-0.820004152,-0.70483001,-0.70483001,-0.767560913,-0.717148548,-0.793509707,-0.780469618,-0.780469618,-0.729576886,-0.668496377,-0.729576886,-0.65658098,-0.598332162,0.057435263,-0.668496377,-0.621377694,-0.65658098,-0.644758083,-0.281110101,-0.009567429,-0.03827848,0.54204681,0.086212229,-0.455353474,-0.530998459,0.465991794,0.434229026,0.41329661,0.36172539,0.36172539,0.434229026
2005-05,0.24,-0.801343707,-0.470613649,-4.753424309,-0.846790266,0.960870969,-1.103019325,-1.062012463,-0.860863953,-0.820004152,-0.70483001,-0.70483001,-0.767560913,-0.717148548,-0.793509707,-0.780469618,-0.780469618,-0.729576886,-0.668496377,-0.729576886,-0.65658098,-0.598332162,0.057435263,-0.668496377,-0.621377694,-0.65658098,-0.644758083,-0.281110101,-0.009567429,-0.03827848,0.54204681,0.086212229,-0.455353474,-0.530998459,0.465991794,0.434229026,0.41329661,0.36172539,0.36172539,0.434229026
2005-06,0.235166667,-0.784270047,-0.469546809,-4.753424309,-0.848345989,0.961670541,-1.103019325,-1.061843512,-0.860863953,-0.820004152,-0.70483001,-0.70483001,-0.767560913,-0.717148548,-0.793509707,-0.780469618,-0.780469618,-0.729576886,-0.668496377,-0.729576886,-0.65658098,-0.598332162,0.057435263,-0.668496377,-0.621377694,-0.65658098,-0.644758083,-0.281110101,-0.009567429,-0.03827848,0.54204681,0.086212229,-0.455353474,-0.530998459,0.465991794,0.434229026,0.41329661,0.36172539,0.36172539,0.434229026
2005-07,0.232,-0.784858341,-0.469546809,-4.753424309,-0.848345989,0.952505348,-1.103019325,-1.061758903,-0.860863953,-0.820004152,-0.70483001,-0.70483001,-0.767560913,-0.717148548,-0.793509707,-0.780469618,-0.780469618,-0.729576886,-0.668496377,-0.729576886,-0.65658098,-0.598332162,0.057435263,-0.668496377,-0.621377694,-0.65658098,-0.644758083,-0.281110101,-0.009567429,-0.03827848,0.54204681,0.086212229,-0.455353474,-0.530998459,0.465991794,0.434229026,0.41329661,0.36172539,0.36172539,0.434229026
2005-08,0.229166667,-0.776625153,-0.471680606,-4.405373366,-0.843023906,0.959489635,-1.103019325,-1.061758903,-0.860863953,-0.820004152,-0.70483001,-0.70483001,-0.767560913,-0.717148548,-0.793509707,-0.780469618,-0.780469618,-0.729576886,-0.668496377,-0.729576886,-0.65658098,-0.598332162,0.057435263,-0.668496377,-0.621377694,-0.65658098,-0.644758083,-0.281110101,-0.009567429,-0.03827848,0.54204681,0.086212229,-0.455353474,-0.530998459,0.465991794,0.434229026,0.41329661,0.36172539,0.36172539,0.434229026
2005-09,0.225833333,-0.655621611,-0.464747491,-4.094680688,-0.819135233,0.977784107,-1.077368058,-1.044256501,-0.860863953,-0.820004152,-0.70483001,-0.70483001,-0.767560913,-0.717148548,-0.793509707,-0.780469618,-0.780469618,-0.729576886,-0.668496377,-0.729576886,-0.65658098,-0.598332162,0.057435263,-0.668496377,-0.621377694,-0.65658098,-0.644758083,-0.281110101,-0.009567429,-0.03827848,0.54204681,0.086212229,-0.455353474,-0.530998459,0.465991794,0.434229026,0.41329661,0.36172539,0.36172539,0.434229026
2005-10,0.2155,-0.783093555,-0.363979781,-3.199108575,-0.770700213,0.986403163,-1.055884565,-1.009648191,-0.860863953,-0.820004152,-0.70483001,-0.70483001,-0.767560913,-0.717148548,-0.793509707,-0.780469618,-0.780469618,-0.729576886,-0.668496377,-0.729576886,-0.65658098,-0.598332162,0.057435263,-0.668496377,-0.621377694,-0.65658098,-0.644758083,-0.281110101,-0.009567429,-0.03827848,0.54204681,0.086212229,-0.455353474,-0.530998459,0.465991794,0.434229026,0.41329661,0.36172539,0.36172539,0.434229026
2005-11,0.201166667,-0.662017686,-0.002965873,-2.107076748,-0.531692985,0.96958771,-0.988869439,-0.902000442,-0.860863953,-0.820004152,-0.70483001,-0.70483001,-0.767560913,-0.717148548,-0.793509707,-0.780469618,-0.780469618,-0.729576886,-0.668496377,-0.729576886,-0.65658098,-0.598332162,0.057435263,-0.668496377,-0.621377694,-0.65658098,-0.644758083,-0.281110101,-0.009567429,-0.03827848,0.54204681,0.086212229,-0.455353474,-0.530998459,0.465991794,0.434229026,0.41329661,0.36172539,0.36172539,0.434229026
2005-12,0.193833333,-0.008417658,0.296155212,-0.987538313,-0.079459028,0.985462215,-0.75567397,-0.499215937,-0.860863953,-0.820004152,-0.70483001,-0.70483001,-0.767560913,-0.717148548,-0.793509707,-0.780469618,-0.780469618,-0.729576886,-0.668496377,-0.729576886,-0.65658098,-0.598332162,0.057435263,-0.668496377,-0.621377694,-0.65658098,-0.644758083,-0.281110101,-0.009567429,-0.03827848,0.54204681,0.086212229,-0.455353474,-0.530998459,0.465991794,0.434229026,0.41329661,0.36172539,0.36172539,0.434229026
2006-01,0.213666667,-0.614428649,-0.191920689,-0.735505545,0.049712258,0.84354731,-0.608682807,-0.35564985,-0.860863953,-0.820004152,-0.70483001,-0.70483001,-0.767560913,-0.717148548,-0.793509707,-0.780469618,-0.780469618,-0.729576886,-0.668496377,-0.729576886,-0.65658098,-0.598332162,0.057435263,-0.668496377,-0.621377694,-0.65658098,-0.644758083,-0.281110101,-0.009567429,-0.03827848,0.54204681,0.086212229,-0.455353474,-0.530998459,0.465991794,0.434229026,0.41329661,0.36172539,0.36172539,0.434229026
2006-02,0.221166667,-0.604010229,-0.50213856,-0.557069458,0.16391366,0.74308679,-0.337438769,-0.242286403,-0.860863953,-0.820004152,-0.70483001,-0.70483001,-0.767560913,-0.717148548,-0.793509707,-0.780469618,-0.780469618,-0.729576886,-0.668496377,-0.729576886,-0.65658098,-0.598332162,0.057435263,-0.668496377,-0.621377694,-0.65658098,-0.644758083,-0.281110101,-0.009567429,-0.03827848,0.54204681,0.086212229,-0.455353474,-0.530998459,0.465991794,0.434229026,0.41329661,0.36172539,0.36172539,0.434229026
2006-03,0.214833333,-0.334879122,-0.314510105,-0.214167823,0.424212462,0.694688227,0.004342528,0.137285995,-0.860863953,-0.820004152,-0.70483001,-0.70483001,-0.767560913,-0.717148548,-0.793509707,-0.780469618,-0.780469618,-0.729576886,-0.668496377,-0.729576886,-0.65658098,-0.598332162,0.057435263,-0.668496377,-0.621377694,-0.65658098,-0.644758083,-0.281110101,-0.009567429,-0.03827848,0.54204681,0.086212229,-0.455353474,-0.530998459,0.465991794,0.434229026,0.41329661,0.36172539,0.36172539,0.434229026
2006-04,0.191333333,-0.389198985,-0.160348385,-0.137611739,0.509174344,0.651178424,0.270398146,0.279430688,-0.860863953,-0.820004152,-0.70483001,-0.70483001,-0.767560913,-0.717148548,-0.793509707,-0.780469618,-0.780469618,-0.729576886,-0.668496377,-0.729576886,-0.65658098,-0.598332162,0.057435263,-0.668496377,-0.621377694,-0.65658098,-0.644758083,-0.281110101,-0.009567429,-0.03827848,0.54204681,0.086212229,-0.455353474,-0.530998459,0.465991794,0.434229026,0.41329661,0.36172539,0.36172539,0.434229026
2006-05,0.2015,-0.323032351,-0.187774282,-0.128249491,0.514399781,0.641304243,0.356799423,0.283586309,-0.860863953,-0.820004152,-0.70483001,-0.70483001,-0.767560913,-0.717148548,-0.793509707,-0.780469618,-0.780469618,-0.729576886,-0.668496377,-0.729576886,-0.65658098,-0.598332162,0.057435263,-0.668496377,-0.621377694,-0.65658098,-0.644758083,-0.281110101,-0.009567429,-0.03827848,0.54204681,0.086212229,-0.455353474,-0.530998459,0.465991794,0.434229026,0.41329661,0.36172539,0.36172539,0.434229026
2006-06,0.212833333,-0.320777268,-0.18932898,-0.126941912,0.514399781,0.641379632,0.356799423,0.284209281,-0.860863953,-0.820004152,-0.70483001,-0.70483001,-0.767560913,-0.717148548,-0.793509707,-0.780469618,-0.780469618,-0.729576886,-0.668496377,-0.729576886,-0.65658098,-0.598332162,0.057435263,-0.668496377,-0.621377694,-0.65658098,-0.644758083,-0.281110101,-0.009567429,-0.03827848,0.54204681,0.086212229,-0.455353474,-0.530998459,0.465991794,0.434229026,0.41329661,0.36172539,0.36172539,0.434229026
2006-07,0.218,-0.320213569,-0.196587487,-0.126755178,0.514399781,0.642661219,0.356799423,0.284209281,-0.860863952,-0.820004152,-0.70483001,-0.70483001,-0.767560913,-0.717148548,-0.793509707,-0.780469618,-0.780469618,-0.729576886,-0.668496377,-0.729576886,-0.65658098,-0.598332162,0.057435263,-0.668496377,-0.621377694,-0.65658098,-0.644758083,-0.281110101,-0.009567429,-0.03827848,0.54204681,0.086212229,-0.455353474,-0.530998459,0.465991794,0.434229026,0.41329661,0.36172539,0.36172539,0.434229026
2006-08,0.218166667,-0.178514838,-0.167068423,-0.123023773,0.515617824,0.644771939,0.3586039,0.284209281,-0.860863646,-0.820004152,-0.70483001,-0.70483001,-0.767560913,-0.717148548,-0.793509707,-0.780469618,-0.780469618,-0.729576886,-0.668496377,-0.729576886,-0.65658098,-0.598332162,0.057435263,-0.668496377,-0.621377694,-0.65658098,-0.644758083,-0.281110101,-0.009567429,-0.03827848,0.54204681,0.086212229,-0.455353474,-0.530998459,0.465991794,0.434229026,0.41329661,0.36172539,0.36172539,0.434229026
2006-09,0.234666667,-0.066114441,-0.07750041,-0.073066556,0.581223034,0.645827236,0.531286463,0.315234596,-0.860812281,-0.820004152,-0.70483001,-0.70483001,-0.767560913,-0.717148548,-0.793509707,-0.780469618,-0.780469618,-0.729576886,-0.668496377,-0.729576886,-0.65658098,-0.598332162,0.057435263,-0.668496377,-0.621377694,-0.65658098,-0.644758083,-0.281110101,-0.009567429,-0.03827848,0.54204681,0.086212229,-0.455353474,-0.530998459,0.465991794,0.434229026,0.41329661,0.36172539,0.36172539,0.434229026
2006-10,0.2625,0.802710425,0.281828509,0.154192365,0.646171052,0.742038415,0.653806245,0.436547889,-0.858940248,-0.820004152,-0.70483001,-0.70483001,-0.767560913,-0.717148548,-0.793509707,-0.780469618,-0.780469618,-0.729576886,-0.668496377,-0.729576886,-0.65658098,-0.598332162,0.057435263,-0.668496377,-0.621377694,-0.65658098,-0.644758083,-0.281110101,-0.009567429,-0.03827848,0.54204681,0.086212229,-0.455353474,-0.530998459,0.465991794,0.434229026,0.41329661,0.36172539,0.36172539,0.434229026
2006-11,0.285333333,0.977566145,0.656046004,0.258413396,0.864100924,0.785527787,0.758722525,0.73292714,-0.843872599,-0.820004123,-0.70483001,-0.70483001,-0.767560913,-0.717148548,-0.793509707,-0.780469618,-0.780469618,-0.729576886,-0.668496377,-0.729576886,-0.65658098,-0.598332162,0.057435263,-0.668496377,-0.621377694,-0.65658098,-0.644758083,-0.281110101,-0.009567429,-0.03827848,0.54204681,0.086212229,-0.455353474,-0.530998459,0.465991794,0.434229026,0.41329661,0.36172539,0.36172539,0.434229026
2006-12,0.298833333,1.003195879,0.658905469,0.466586911,0.909302075,0.845545382,0.822027206,0.891761372,-0.770810063,-0.819465315,-0.70483001,-0.70483001,-0.767560913,-0.717148548,-0.793499905,-0.780469618,-0.780469618,-0.729576886,-0.668496377,-0.729576886,-0.65658098,-0.598332162,0.057435263,-0.668496377,-0.621377694,-0.65658098,-0.644758083,-0.281110101,-0.009567429,-0.03827848,0.54204681,0.086212229,-0.455353474,-0.530998459,0.465991794,0.434229026,0.41329661,0.36172539,0.36172539,0.434229026
2007-01,0.310166667,1.003195879,0.648416903,0.730838208,0.90945578,0.955198179,0.906070361,1.024072005,-0.365260713,-0.80840501,-0.70483001,-0.70483001,-0.767560913,-0.717148548,-0.792324041,-0.780465437,-0.779810103,-0.729576886,-0.668496377,-0.729576886,-0.65658098,-0.598332162,0.057435263,-0.668496377,-0.621377694,-0.65658098,-0.644758083,-0.281110101,-0.009567429,-0.03827848,0.54204681,0.086212229,-0.455353474,-0.530998459,0.465991794,0.434229026,0.41329661,0.36172539,0.36172539,0.434229026
2007-02,0.296833333,1.040786221,1.116223694,0.828688036,1.142433387,0.869847914,1.160760551,1.227345595,-0.189263626,-0.791357068,-0.70483001,-0.70483001,-0.748373949,-0.717148548,-0.757071447,-0.77145114,-0.675905941,-0.729576886,-0.668496377,-0.729576886,-0.65658098,-0.598332162,0.057435263,-0.668496377,-0.621377694,-0.65658098,-0.644758083,-0.281110101,-0.009567429,-0.03827848,0.54204681,0.086212229,-0.455353474,-0.530998459,0.465991794,0.434229026,0.41329661,0.36172539,0.36172539,0.434229026
2007-03,0.255,0.169390446,0.537157586,0.891342633,1.176010655,0.698822413,1.112206445,1.049821835,-0.060726092,-0.772458052,-0.70483001,-0.70483001,-0.732595008,-0.717148548,-0.712644122,-0.74864517,-0.606777359,-0.729576886,-0.668496377,-0.729576886,-0.65658098,-0.598332162,0.057435263,-0.668496377,-0.621377694,-0.65658098,-0.644758083,-0.281110101,-0.009567429,-0.03827848,0.54204681,0.086212229,-0.455353474,-0.530998459,0.465991794,0.434229026,0.41329661,0.36172539,0.36172539,0.434229026
2007-04,0.232666667,0.235017949,0.689357489,0.930683024,1.232428368,0.697319211,1.03350531,1.044379374,-0.027083164,-0.733697075,-0.70483001,-0.70483001,-0.715352209,-0.717148548,-0.699398336,-0.725626616,-0.507204142,-0.729576886,-0.668496377,-0.729576886,-0.65658098,-0.598332162,0.057435263,-0.668496377,-0.621377694,-0.65658098,-0.644758083,-0.281110101,-0.009567429,-0.03827848,0.54204681,0.086212229,-0.455353474,-0.530998459,0.465991794,0.434229026,0.41329661,0.36172539,0.36172539,0.434229026
2007-05,0.236666667,0.232335747,0.656999246,0.934501715,1.239517457,0.6936357,1.023125985,1.029543422,0.01330643,-0.729585148,-0.70483001,-0.70483001,-0.710553467,-0.717148548,-0.699398336,-0.724431201,-0.474432332,-0.729567993,-0.668496377,-0.729495277,-0.65658098,-0.598332162,0.057435263,-0.668496377,-0.621377694,-0.65658098,-0.644758083,-0.281110101,-0.009567429,-0.03827848,0.54204681,0.086212229,-0.455353474,-0.530998459,0.465991794,0.434229026,0.41329661,0.36172539,0.36172539,0.434229026
2007-06,0.245666667,0.216766464,0.652232155,0.934501715,1.239656308,0.692883848,1.023125985,1.029201688,0.01330643,-0.728872536,-0.70483001,-0.70483001,-0.710553467,-0.717148548,-0.699398336,-0.724431201,-0.438395096,-0.729567993,-0.668496377,-0.729495277,-0.65658098,-0.598332162,0.057435263,-0.668496377,-0.621377694,-0.65658098,-0.644758083,-0.281110101,-0.009567429,-0.03827848,0.54204681,0.086212229,-0.455353474,-0.530998459,0.465991794,0.434229026,0.41329661,0.36172539,0.36172539,0.434229026
2007-07,0.2515,0.216766464,0.653662513,0.93560943,1.239656308,0.692883848,1.023125985,1.029030809,0.040545023,-0.728872536,-0.704828543,-0.704830009,-0.710389769,-0.717148462,-0.699297676,-0.724431201,-0.437886813,-0.729557426,-0.668496377,-0.729288813,-0.65658098,-0.598332162,0.057435263,-0.668496377,-0.621377694,-0.65658098,-0.644758083,-0.281110101,-0.009567429,-0.03827848,0.54204681,0.086212229,-0.455353474,-0.530998459,0.465991794,0.434229026,0.41329661,0.36172539,0.36172539,0.434229026
2007-08,0.2735,0.115312137,0.648893886,0.927106158,1.217924962,0.67565643,1.023125985,1.029030809,0.040545023,-0.728872536,-0.704828282,-0.704830009,-0.710389769,-0.717148462,-0.699297676,-0.724431201,-0.437632614,-0.729557048,-0.668496377,-0.729288813,-0.65658098,-0.598332162,0.057435263,-0.668496377,-0.621377694,-0.65658098,-0.644758083,-0.281110101,-0.009567429,-0.03827848,0.54204681,0.086212229,-0.455353474,-0.530998459,0.465991794,0.434229026,0.41329661,0.36172539,0.36172539,0.434229026
2007-09,0.338833333,-0.027616876,0.572775911,0.921299804,1.173036735,0.652534876,1.002963522,1.000902781,0.041127928,-0.728872536,-0.704828282,-0.704830009,-0.705879425,-0.717147792,-0.697066058,-0.711395396,-0.437124101,-0.729557048,-0.668496377,-0.729283207,-0.65658098,-0.598332162,0.057435263,-0.668496377,-0.621377694,-0.65658098,-0.644758083,-0.281110101,-0.009567429,-0.03827848,0.54204681,0.086212229,-0.455353474,-0.530998459,0.465991794,0.434229026,0.41329661,0.36172539,0.36172539,0.434229026
2007-10,0.348666667,0.004181078,0.382672459,0.894963914,1.194642536,0.646505619,1.022151978,0.955531506,0.153471996,-0.720220285,-0.704481209,-0.704810226,-0.620757503,-0.717078692,-0.637775353,-0.711170031,-0.388051956,-0.729476724,-0.668496377,-0.724131202,-0.65658098,-0.598332162,0.057435263,-0.668496377,-0.621377694,-0.65658098,-0.644758083,-0.281110101,-0.009567429,-0.03827848,0.54204681,0.086212229,-0.455353474,-0.530998459,0.465991794,0.434229026,0.41329661,0.36172539,0.36172539,0.434229026
2007-11,0.368666667,-0.02651889,0.223323557,0.815887564,1.220020729,0.667073762,1.012077745,0.991250406,0.214890184,-0.604494064,-0.700809982,-0.704662452,-0.534663536,-0.71592956,-0.461939608,-0.622102833,-0.341272831,-0.726487358,-0.668484808,-0.714853424,-0.65658098,-0.598332162,0.057435263,-0.66849613,-0.621377694,-0.65658081,-0.644758083,-0.281110101,-0.009567429,-0.03827848,0.54204681,0.086212229,-0.455353474,-0.530998459,0.465991794,0.434229026,0.41329661,0.36172539,0.36172539,0.434229026
2007-12,0.452666667,-0.367665236,-0.047312862,0.63954544,1.00962368,0.584274948,0.841977646,0.793229339,0.342374477,-0.438667731,-0.642847566,-0.699437454,-0.311189223,-0.703340578,-0.337487174,-0.526209876,-0.328275033,-0.69415301,-0.668283281,-0.650852975,-0.656560033,-0.598332162,0.057435263,-0.668438541,-0.621377694,-0.656574608,-0.644758081,-0.281110101,-0.009567429,-0.03827848,0.54204681,0.086212229,-0.455353474,-0.530998459,0.465991794,0.434229026,0.41329661,0.36172539,0.36172539,0.434229026
2008-01,0.432333333,-0.120788642,0.365035527,0.738366089,1.099246802,0.709715694,0.943044689,0.783215203,0.693137178,-0.108006665,-0.43270287,-0.652505654,-0.039530124,-0.646267344,-0.150595383,-0.310866512,-0.247528861,-0.469385946,-0.664135492,-0.495152705,-0.655126587,-0.598332162,0.057435263,-0.664751451,-0.621377694,-0.655723379,-0.6447535,-0.281110101,-0.009567429,-0.03827848,0.54204681,0.086212229,-0.455353474,-0.530998459,0.465991794,0.434229026,0.41329661,0.36172539,0.36172539,0.434229026
2008-02,0.354333333,0.106093009,0.664145775,0.803028957,1.23145417,0.833474776,0.927886773,0.945239263,0.918502516,0.190427067,-0.314360005,-0.548922974,0.148806039,-0.523306565,0.157861884,-0.168105725,-0.057795108,-0.193699724,-0.633415093,-0.303613261,-0.62452279,-0.598332162,0.057435263,-0.637941853,-0.621375916,-0.651116267,-0.64456696,-0.281110101,-0.009567429,-0.03827848,0.54204681,0.086212229,-0.455353474,-0.530998459,0.465991794,0.434229026,0.41329661,0.36172539,0.36172539,0.434229026
2008-03,0.354333333,-0.011706615,0.591977941,0.696506224,1.388066934,0.902730285,0.873694019,0.803761027,0.991423363,0.346718029,-0.12321626,-0.442097055,0.336224529,-0.325791688,0.393832843,0.033101048,0.161113498,-0.041211677,-0.534456775,-0.013798885,-0.541896567,-0.598332162,0.057435263,-0.494323164,-0.621264469,-0.643364079,-0.643169575,-0.281110101,-0.009567429,-0.03827848,0.54204681,0.086212229,-0.455353474,-0.530998459,0.465991794,0.434229026,0.41329661,0.36172539,0.36172539,0.434229026
2008-04,0.3425,0.248955199,0.694582446,0.754279101,1.466974005,1.019885434,0.831591581,0.889634857,1.074301182,0.444235466,0.030749178,-0.352153898,0.413538237,-0.194375378,0.506082751,0.206686736,0.354472452,0.055698853,-0.395614313,0.142686857,-0.428044144,-0.598270075,0.057435263,-0.335810955,-0.62076246,-0.622787432,-0.641189514,-0.281110101,-0.009567429,-0.03827848,0.54204681,0.086212229,-0.455353474,-0.530998459,0.465991794,0.434229026,0.41329661,0.36172539,0.36172539,0.434229026
2008-05,0.343833333,0.186641022,0.757550094,0.783241148,1.463727795,1.02002932,0.779221317,0.888393839,1.084527216,0.444724637,0.033706397,-0.345314958,0.428536456,-0.154568368,0.506082751,0.274276469,0.45999825,0.068298131,-0.393087539,0.16184738,-0.399446664,-0.598238245,0.057435263,-0.33096123,-0.620525445,-0.615799287,-0.641189514,-0.281110101,-0.009567429,-0.03827848,0.54204681,0.086212229,-0.455353474,-0.530998459,0.465991794,0.434229026,0.41329661,0.36172539,0.36172539,0.434229026
2008-06,0.336166667,0.184486137,0.758022096,0.786095032,1.463727795,1.019957378,0.779221317,0.889280322,1.084684345,0.444724637,0.033706397,-0.345314958,0.428536456,-0.152705871,0.506082751,0.274395626,0.461205612,0.068298131,-0.393087539,0.162269299,-0.397403974,-0.598238245,0.057435263,-0.330787474,-0.620525445,-0.61574708,-0.641189514,-0.281110101,-0.009567429,-0.03827848,0.54204681,0.086212229,-0.455353474,-0.530998459,0.465991794,0.434229026,0.41329661,0.36172539,0.36172539,0.434229026
2008-07,0.373333333,0.183947352,0.758022096,0.785965373,1.463727795,1.018014585,0.779221317,0.889280322,1.081540644,0.444724637,0.033706397,-0.345314958,0.428536456,-0.152705871,0.506082751,0.274753081,0.461567745,0.068298131,-0.393087539,0.162269299,-0.397257773,-0.598238245,0.057435263,-0.330787474,-0.620525445,-0.61574708,-0.641189514,-0.281110101,-0.009567429,-0.03827848,0.54204681,0.086212229,-0.455353474,-0.530998459,0.465991794,0.434229026,0.41329661,0.36172539,0.36172539,0.434229026
2008-08,0.324833333,0.046802169,0.731083803,0.783890013,1.462818305,1.016143099,0.777529825,0.889280322,1.072410571,0.444724637,0.034741159,-0.34497771,0.428536456,-0.148711788,0.50632668,0.274753081,0.461567745,0.068455528,-0.393087539,0.166767753,-0.394325512,-0.598238245,0.057435263,-0.330787474,-0.620525445,-0.615432841,-0.641189514,-0.281110101,-0.009567429,-0.03827848,0.54204681,0.086212229,-0.455353474,-0.530998459,0.465991794,0.434229026,0.41329661,0.36172539,0.36172539,0.434229026
2008-09,0.312166667,0.153734362,0.78912714,0.76409714,1.42177022,1.02721877,0.623006291,0.8748937,1.031714284,0.475764089,0.050540602,-0.323224183,0.480736984,-0.140177696,0.506814522,0.285704128,0.485871718,0.088110783,-0.338785218,0.177015943,-0.358103274,-0.598182198,0.057435263,-0.314995745,-0.620212951,-0.613511374,-0.640257557,-0.281110101,-0.009567429,-0.03827848,0.54204681,0.086212229,-0.455353474,-0.530998459,0.465991794,0.434229026,0.41329661,0.36172539,0.36172539,0.434229026
2008-10,0.288,-0.98018712,0.501415538,0.635988324,1.343946612,0.889140844,0.58734761,0.767320254,0.967256236,0.457928152,0.092155689,-0.278692222,0.527737308,-0.040990741,0.554998678,0.361634178,0.564310237,0.20490184,-0.306050312,0.25081535,-0.22771153,-0.597930784,0.057435263,-0.258777638,-0.619044155,-0.560429276,-0.638684133,-0.281110101,-0.009567429,-0.03827848,0.54204681,0.086212229,-0.455353474,-0.530998459,0.465991794,0.434229026,0.41329661,0.36172539,0.36172539,0.434229026
2008-11,0.2655,-0.683559607,0.406140998,0.576048694,1.362601003,0.88134191,0.735770194,0.662057534,0.990941377,0.501877226,0.177123045,-0.143121092,0.681689922,0.086954007,0.616465474,0.533821328,0.581646,0.307752076,0.149624335,0.405529075,-0.150325163,-0.592242093,0.057435263,-0.08694953,-0.612915617,-0.537076677,-0.611340591,-0.281110101,-0.009567429,-0.03827848,0.54204681,0.086212229,-0.455353474,-0.530995458,0.465991794,0.434229026,0.41329661,0.36172539,0.36172539,0.434229026
2008-12,0.263833333,-0.143510305,0.064449358,0.5891751,1.368885319,0.856709703,0.693209062,0.769882581,0.964670209,0.254188288,0.405645397,0.142018143,0.751551679,0.236908192,0.775821071,0.674368475,0.664476375,0.540168515,0.575644823,0.492624666,-0.150325163,-0.568225656,0.057435263,0.219862358,-0.574584914,-0.322072055,-0.554956299,-0.281110101,-0.009567429,-0.03827848,0.54204681,0.086212229,-0.455353474,-0.530779006,0.465991794,0.434229026,0.41329661,0.36172539,0.36172539,0.434229026
2009-01,0.2845,-0.251657722,-0.055490236,0.320371362,1.369286049,0.812175211,0.528646704,0.833382463,0.693653938,0.155910369,0.592624319,0.320100005,0.975992152,0.335950895,0.823920766,0.753550229,0.70354855,0.756226789,0.779523768,0.586365451,-0.150325163,-0.5133357,0.057435263,0.503133276,-0.448973599,-0.045143866,-0.436399028,-0.281110101,-0.009567429,-0.03827848,0.54204681,0.086212229,-0.455353474,-0.528307605,0.465991794,0.434229026,0.41329661,0.36172539,0.36172539,0.434229026
2009-02,0.294166667,-0.588401357,-0.265812324,0.201191275,1.152571239,0.849170124,0.32170472,0.762190377,0.720441663,0.22916187,0.762599345,0.486635713,0.935467486,0.479633493,0.619359304,0.732760544,0.556435164,0.915671206,0.779523768,0.693705353,-0.150325163,-0.400335935,0.057435263,0.768391983,-0.343144626,0.199487946,-0.283781658,-0.281110101,-0.009567429,-0.03827848,0.54204681,0.086212229,-0.455353474,-0.520972507,0.465991794,0.434229026,0.41329661,0.36172539,0.36172539,0.434229026
2009-03,0.288666667,-0.459762832,0.089172233,0.119378733,1.11918363,0.878175621,0.280431492,0.698590861,0.76929733,0.466970255,0.859531051,0.527927409,0.947922145,0.625095025,0.591346808,0.773702129,0.692574312,1.058331772,0.918990157,0.864830737,-0.150325163,-0.268334609,0.057435263,1.028642899,-0.211300222,0.209490334,-0.171528772,-0.281110101,-0.009567429,-0.03827848,0.54204681,0.086212229,-0.448827924,-0.514818533,0.465991794,0.434229026,0.41329661,0.36172539,0.36172539,0.434229026
2009-04,0.285,0.419637058,0.257575168,0.065581476,1.060762971,1.000570925,0.305367523,0.663563304,0.743320878,0.537201436,0.925403069,0.53369977,0.994583083,0.661230735,0.806744273,0.873117531,0.784185415,1.11150222,1.233834122,0.887773996,-0.150325163,-0.165123015,0.057435263,1.140666555,-0.17935347,0.217406265,0.020427074,-0.281110101,-0.009567429,-0.03827848,0.54204681,0.086212229,-0.272154382,-0.46588599,0.465991794,0.434229026,0.41329661,0.36172539,0.36172539,0.434229026
2009-05,0.284833333,0.556566927,0.274410187,0.060253979,1.053275711,1.011101333,0.434697541,0.657536623,0.725061351,0.546202722,0.928717197,0.536524779,0.992400954,0.671860044,0.896644916,0.987867471,0.842230637,1.109875154,1.289403689,0.874731955,-0.150325163,-0.151562083,0.057435263,1.142844729,-0.108928359,0.217639177,0.045630853,-0.281110101,-0.009567429,-0.03827848,0.54204681,0.086212229,-0.119572469,-0.457198511,0.465991794,0.434229026,0.41329661,0.36172539,0.36172539,0.434229026
2009-06,0.283666667,0.582614198,0.281828509,0.060253979,1.067355046,1.03174327,0.446111864,0.657536623,0.745874496,0.566618053,0.934509286,0.546165598,0.992537377,0.688722645,0.903388518,1.001340807,0.813655881,1.11900288,1.309245104,0.894101686,-0.138706574,-0.14148165,0.057435263,1.162206229,-0.081135537,0.222298482,0.054873974,-0.281110101,-0.009567429,-0.03827848,0.54204681,0.086212229,-0.109007847,-0.43283552,0.465991794,0.434229026,0.41329661,0.36172539,0.36172539,0.434229026
2009-07,0.277,0.582614198,0.283311522,0.058705015,1.067355046,1.03174327,0.446111864,0.659420993,0.727967529,0.566618053,0.930727797,0.543463232,0.992264527,0.671987984,0.903156088,1.001340807,0.815845339,1.115004342,1.309245104,0.884958105,-0.136794689,-0.138680908,0.057435263,1.162423525,-0.07836829,0.224395816,0.054873974,-0.281110101,-0.009567429,-0.03827848,0.54204681,0.086212229,-0.099581003,-0.43283552,0.465991794,0.434229026,0.41329661,0.36172539,0.36172539,0.434229026
2009-08,0.255833333,0.627278902,0.35129676,0.058705015,1.081227825,1.059953487,0.446468256,0.659797754,0.740084135,0.60542303,0.943827158,0.55977386,0.999624132,0.685405296,0.903156088,1.001543072,0.829934792,1.123621031,1.325249982,0.898664758,-0.106524001,-0.12210974,0.057435263,1.18672566,-0.056452735,0.226027349,0.075326403,-0.281110101,-0.009567429,-0.03827848,0.54204681,0.086212229,-0.089184516,-0.412274177,0.465991794,0.434229026,0.41329661,0.36172539,0.36172539,0.434229026
2009-09,0.247833333,0.749485409,0.573736861,0.058705015,1.122638497,1.101137258,0.4685283,0.706785663,0.844968166,0.641457386,0.957346399,0.619877014,1.049913992,0.788683429,0.993673517,0.980758167,0.892917189,1.152452827,1.407272719,0.951130362,-0.049664988,-0.025537043,0.057435263,1.313581579,0.008033636,0.227892246,0.111329253,-0.281110101,-0.009567429,-0.03827848,0.54204681,0.086212229,-0.089184516,-0.38452894,0.465991794,0.434229026,0.41329661,0.36172539,0.36172539,0.434229026
2009-10,0.248166667,1.369980017,1.013995316,0.040384002,1.247976698,1.182581607,0.585254082,0.904848587,0.842472794,0.933695972,0.976301607,0.724928283,1.094999592,0.853992123,1.002155283,1.056285837,0.918627254,1.323082962,1.55051418,0.992488383,0.067786793,0.134449691,0.057435263,1.466318533,0.150472928,0.22812538,0.350715858,-0.281110101,-0.009567429,-0.03827848,0.54204681,0.086212229,-0.072406411,-0.293607305,0.465991794,0.434229026,0.41329661,0.36172539,0.36172539,0.434229026
2009-11,0.248666667,1.312884751,0.952552502,-0.050030294,1.125658509,1.255203331,0.624740624,0.929134516,0.984670534,0.880292439,1.046757859,0.831143218,1.071327406,0.937350879,0.842932663,0.99314059,0.979638538,1.297408231,1.431374579,0.949401509,0.267512003,0.288233993,0.057435263,1.468200826,0.375845476,0.057710335,0.552538359,-0.281110101,-0.009567429,-0.03827848,0.54204681,0.086212229,-0.059256489,-0.170331394,0.465991794,0.434229026,0.41329661,0.36172539,0.36172539,0.434229026
2009-12,0.254833333,1.081749214,1.282362356,-0.327039172,1.197737623,1.412123409,0.783785989,0.94558861,1.101463259,0.693024316,1.146160711,1.014973001,0.929084876,0.987304485,0.949487979,0.971802994,1.19571618,1.352823963,1.59629128,0.815031515,0.311884346,0.521282752,0.057435263,1.511572452,0.566548048,-0.040950873,0.675808672,-0.281110101,-0.009567429,-0.03827848,0.54204681,0.086212229,-0.059256489,0.128285156,0.465991794,0.434229026,0.41329661,0.36172539,0.36172539,0.434229026
2010-01,0.247166667,0.81291832,0.872091477,-0.702120096,1.158553543,1.350974647,0.897951355,1.037224375,1.070676763,0.388162395,1.070912106,0.866999978,0.777150091,0.902092855,1.126067416,0.905865342,1.228098218,1.203007236,1.724923547,0.630681288,0.082859093,0.716028407,0.057435263,1.396767138,0.834152383,-0.251214155,0.726573389,-0.281110101,-0.009567429,-0.03827848,0.54204681,0.086212229,-0.059256489,0.268241577,0.465991794,0.434229026,0.41329661,0.36172539,0.36172539,0.434229026
2010-02,0.235833333,0.268224759,0.487374528,-1.037037951,0.991546773,1.252594516,0.842814448,0.840931264,0.925851545,0.0866148,1.105481952,0.77789079,0.688083678,0.831942323,1.005819748,0.862142955,1.199743243,0.99888321,1.534167819,0.446013893,-0.161300592,0.84686939,0.057435263,1.205554992,0.496512374,-0.358638161,0.64069775,-0.281110101,-0.009567429,-0.03827848,0.54204681,0.086212229,-0.059256489,0.411353837,0.465991794,0.434229026,0.41329661,0.36172539,0.36172539,0.434229026
2010-03,0.240333333,0.281053021,0.098742239,-1.299520535,0.716682356,1.208922766,0.968003168,0.787406162,1.036485202,-0.060880041,1.115808481,0.742799356,0.614094942,0.827098451,0.951565606,0.85061412,1.112290756,0.881429637,1.519424604,0.171543301,0.219479152,1.006396355,0.057435263,0.948681992,0.439736853,-0.3414666,0.580393532,-0.281110101,-0.009567429,-0.03827848,0.54204681,0.086212229,-0.059256489,0.588521935,0.465991794,0.434229026,0.41329661,0.36172539,0.36172539,0.434229026
2010-04,0.237666667,0.317853998,-0.046291164,-1.622178649,0.560705207,1.095750118,0.840805927,0.662057534,1.00553711,-0.154567625,1.013094888,0.69594329,0.585634019,0.802685559,0.913375702,0.822706293,1.095044036,0.807976959,1.420164424,0.057428601,0.060989907,0.942767153,0.057435263,0.797505973,0.333141148,-0.382596796,0.539953371,-0.281110101,-0.009567429,-0.03827848,0.54204681,0.086212229,-0.059256489,0.683930679,0.465991794,0.434229026,0.41329661,0.36172539,0.36172539,0.434229026
2010-05,0.224666667,0.383692339,-0.128876941,-1.744218776,0.56499067,1.096033793,0.836954379,0.659986121,1.003134703,-0.151777861,1.010785084,0.688983567,0.571244121,0.768991954,0.916624258,0.782781369,1.015806303,0.799850717,1.464077869,0.044691343,0.045788002,0.941843971,0.057435263,0.793673013,0.303599871,-0.402904179,0.554695497,-0.281110101,-0.009567429,-0.03827848,0.54204681,0.086212229,-0.059256489,0.706621103,0.465991794,0.434229026,0.41329661,0.36172539,0.36172539,0.434229026
2010-06,0.2335,0.383692339,-0.09699206,-1.757873982,0.56499067,1.096459276,0.837121889,0.658478925,1.008098167,-0.151777861,1.014710833,0.691152428,0.571244121,0.768614962,0.916624258,0.78310145,1.046997788,0.804457641,1.464077869,0.044261634,0.047839025,0.942151716,0.057435263,0.796604204,0.317222697,-0.392678052,0.555414523,-0.281110101,-0.009567429,-0.03827848,0.54204681,0.086212229,-0.056313375,0.707121248,0.465991794,0.434229026,0.41329661,0.36172539,0.36172539,0.434229026
2010-07,0.208,0.383692339,-0.09699206,-1.757873982,0.56499067,1.096459276,0.837121889,0.658478925,1.010017937,-0.151777861,1.014710833,0.692749911,0.577986783,0.771253334,0.916624258,0.790456491,1.046792805,0.804457641,1.464077869,0.059287319,0.048249355,0.942151716,0.057435263,0.796604204,0.317222697,-0.392678052,0.555414523,-0.281110101,-0.009567429,-0.03827848,0.54204681,0.086212229,-0.056190797,0.707121248,0.465991794,0.434229026,0.41329661,0.36172539,0.36172539,0.434229026
2010-08,0.227333333,0.383692339,-0.09699206,-1.759767994,0.56499067,1.096317453,0.837121889,0.658478925,1.006817834,-0.151777861,1.013902955,0.692407638,0.577986783,0.767483826,0.916392269,0.791308404,1.046792805,0.810141134,1.464077869,0.054711185,0.044352911,0.942151716,0.057435263,0.796604204,0.317222697,-0.393660159,0.555414523,-0.281110101,-0.009567429,-0.03827848,0.54204681,0.086212229,-0.053495145,0.707954787,0.465991794,0.434229026,0.41329661,0.36172539,0.36172539,0.434229026
2010-09,0.281666667,0.169929925,-0.272082293,-1.816839745,0.557100959,1.090854253,0.84063852,0.653010301,1.020082374,-0.180945138,1.009629603,0.671253818,0.527116536,0.765723798,0.937702841,0.781500799,1.026027953,0.793337666,1.396234778,0.046553145,0.005608501,0.938303673,0.057435263,0.808096885,0.314950801,-0.379756262,0.568534823,-0.281110101,-0.009567429,-0.03827848,0.54204681,0.086212229,-0.046276019,0.713288324,0.465991794,0.434229026,0.41329661,0.36172539,0.36172539,0.434229026
2010-10,0.342,0.521048163,-0.360814621,-1.909833619,0.587862948,1.146346507,0.932669012,0.689256958,1.101776245,-0.120701512,1.003035978,0.715513257,0.589756955,0.789559668,1.029361628,0.712301237,1.047920064,0.829161703,1.529461426,0.038529984,0.010682457,1.001680481,0.057435263,0.934661153,0.375430136,-0.43437487,0.640339193,-0.2811101,-0.009567429,-0.03827848,0.54204681,0.086212229,0.045393333,0.806943226,0.465991794,0.434229026,0.41329661,0.36172539,0.36172539,0.434229026
2010-11,0.359333333,0.40115018,-0.241814575,-1.367416088,0.319833078,1.192885063,0.84013627,0.695979692,1.123160442,0.024537193,1.029335373,0.650813285,0.619700224,0.797064238,1.302305539,0.65274394,1.124243479,0.821618431,1.327353414,-0.114428963,0.162655096,0.979108865,0.057435263,0.997932668,0.471867505,-0.261925395,0.73085668,-0.281105215,-0.009567429,-0.03827848,0.54204681,0.086212229,0.114796917,0.866496856,0.465991794,0.434229026,0.41329661,0.36172539,0.36172539,0.434229026
2010-12,0.366333333,0.380515325,0.265996179,-1.468340712,0.256614809,1.263363612,0.821691338,0.587531154,1.203501763,0.103659708,0.944298282,0.379729326,0.771203145,0.790310612,1.11729436,0.601488367,1.161350539,0.733820587,0.920975623,-0.209830212,0.465865387,1.046842202,0.057435263,1.02621622,0.511767054,-0.303693055,0.830989049,-0.280875306,-0.009567429,-0.03827848,0.54204681,0.086212229,0.215233735,0.969255756,0.465991794,0.434229026,0.41329661,0.36172539,0.36172539,0.434229026
2011-01,0.399333333,0.148871166,0.214369212,-1.339692924,0.27838003,1.189893761,0.966036603,0.622885862,1.217682546,0.107559264,0.981898055,0.202890331,0.711775561,0.847436703,1.191150531,0.652193668,1.22371305,0.635449565,0.719274919,-0.313473237,0.635411664,1.089825726,0.057435263,0.974890895,0.379584126,-0.274065804,0.856305735,-0.276364612,-0.009567429,-0.03827848,0.54204681,0.086212229,0.386697908,0.97852595,0.465991794,0.434229026,0.41329661,0.36172539,0.36172539,0.434229026
2011-02,0.454166667,0.195256466,0.162976857,-1.169517968,0.30093578,1.13115771,0.932339326,0.578303938,1.16159543,0.141730518,0.944298282,0.086641918,0.587314289,0.86152658,1.238147219,0.751400658,1.253426625,0.597140537,0.719274919,-0.332391423,0.867622885,1.162063738,0.057435263,0.865620213,0.399748663,-0.281890755,0.761342205,-0.265588758,-0.009567429,-0.03827848,0.54204681,0.086212229,0.524796248,0.991520196,0.465991794,0.434229026,0.41329661,0.36172539,0.36172539,0.434229026
2011-03,0.428333333,0.591976882,0.168477893,-0.912625197,0.300378365,1.08915025,1.051140291,0.718302791,1.352500409,0.317760985,1.121407867,0.294809485,0.528513129,0.941725393,1.342829882,0.731464502,1.180055815,0.702962295,0.577681629,-0.252742912,1.268615202,1.252765234,0.057435263,1.118854716,0.628029125,0.302696703,1.145287287,-0.156851776,-0.009567429,-0.03827848,0.54204681,0.086212229,0.631564648,1.142215528,0.465991794,0.434229026,0.41329661,0.36172539,0.36172539,0.434229026
2011-04,0.423166667,-0.251097544,-0.200218752,-0.783882695,0.331451842,0.959998585,1.125778753,0.754298762,1.381736862,0.192632098,1.090724623,0.332408162,0.468935068,0.962330616,1.160369278,0.690760507,1.111083197,0.670886213,0.309880415,-0.232257464,1.373961433,1.184744112,0.057435263,1.191491094,0.732854244,0.467900955,0.983124844,-0.143035146,-0.009567429,-0.03827848,0.54204681,0.086212229,0.578351023,0.99249398,0.465991794,0.434229026,0.41329661,0.36172539,0.36172539,0.434229026
2011-05,0.382333333,-0.386363181,-0.251719562,-0.780017534,0.340093488,0.950539545,0.990081821,0.75852191,1.372796412,0.183323327,1.089934293,0.329485376,0.578446063,0.966803882,1.079365867,0.635210643,1.076595035,0.654331039,0.293370763,-0.243011302,1.381372759,1.171796209,0.057435263,1.189758521,0.649767983,0.468370195,0.960716835,-0.142839745,-0.009567429,-0.03827848,0.54204681,0.086212229,0.527109932,0.972346905,0.465991794,0.434229026,0.41329661,0.36172539,0.36172539,0.434229026
2011-06,0.382166667,-0.403956999,-0.209562456,-0.734500375,0.322233915,0.932526369,0.979625244,0.758888917,1.373823326,0.164228108,1.098730663,0.341412433,0.640079444,0.966924725,1.072796197,0.621154613,1.074256701,0.667664623,0.272136849,-0.225508428,1.388192267,1.186507196,0.057435263,1.185425527,0.639317611,0.48854239,0.953529214,-0.137501337,-0.009567429,-0.03827848,0.54204681,0.086212229,0.52161098,0.912942193,0.465991794,0.434229026,0.41329661,0.36172539,0.36172539,0.434229026
2011-07,0.3785,-0.403956999,-0.212159508,-0.73374685,0.322418523,0.932526369,0.981260312,0.757053524,1.368686259,0.164228108,1.100532291,0.341047622,0.640079444,0.963419082,1.072796197,0.621154613,1.075273558,0.667104087,0.272136849,-0.229386428,1.38682888,1.183862342,0.057435263,1.185208819,0.636182122,0.486666363,0.953529214,-0.137501337,-0.009567429,-0.03827848,0.54204681,0.086212229,0.518130908,0.912942193,0.465991794,0.434229026,0.41329661,0.36172539,0.36172539,0.434229026
2011-08,0.3995,-0.452914146,-0.284110979,-0.73374685,0.304835107,0.903684159,0.980933334,0.756686339,1.361630968,0.125122379,1.087788203,0.324123811,0.632544825,0.954098857,1.073929371,0.622373874,1.063766003,0.65742269,0.254992804,-0.243297787,1.35989811,1.168996332,0.057435263,1.160902333,0.611511345,0.485962827,0.932640417,-0.137501337,-0.009567429,-0.03827848,0.54204681,0.086212229,0.511057254,0.867648309,0.465991794,0.434229026,0.41329661,0.36172539,0.36172539,0.434229026
2011-09,0.424166667,-0.570507721,-0.524642988,-0.73374685,0.252094322,0.862691365,0.915500949,0.70585533,1.280985349,0.092699247,1.076811092,0.265506024,0.567714662,0.852755898,0.98541069,0.617938553,1.016943507,0.647859125,0.167016137,-0.300507815,1.326584988,1.079787695,0.057435263,1.031730491,0.540407771,0.484086663,0.896034168,-0.137501337,-0.009567429,-0.03827848,0.54204681,0.086212229,0.511057254,0.819342847,0.465991794,0.434229026,0.41329661,0.36172539,0.36172539,0.434229026
2011-10,0.407,-0.628335487,-0.364507407,-0.566948666,-0.003601512,0.849761747,0.787502807,0.603051378,1.353532267,0.045098726,1.1115469,0.200664262,0.427740119,0.795689211,1.054411357,0.63874511,1.03231142,0.606679862,0.18355541,-0.252313973,1.399673434,1.08098728,0.057435263,1.139577263,0.507169189,0.636276788,1.109106871,0.019467991,-0.009567429,-0.03827848,0.54204681,0.086212229,0.603720971,0.874389899,0.465991794,0.434229026,0.41329661,0.36172539,0.36172539,0.434229026
2011-11,0.395166667,-0.256140165,-0.422191229,-0.456947836,-0.028276589,0.857817798,0.668116453,0.646966766,1.291319145,0.076887065,1.064206838,0.102958223,0.420087047,0.695351336,1.172208733,0.753442776,1.11289438,0.608101771,0.229772928,-0.158725272,1.251771005,0.942921002,0.057435263,0.989076903,0.401829055,0.814283849,0.997629262,0.145952044,-0.009567429,-0.03827848,0.54204681,0.086212229,0.675260848,0.980801343,0.465991794,0.434229026,0.41329661,0.36172539,0.36172539,0.434229026
2011-12,0.3635,0.073494498,-0.530008945,-0.424287478,0.011097,0.860402683,0.644996958,0.654896927,1.20518156,0.515528628,0.978751168,-0.104616358,0.472558185,0.608041091,1.163945777,0.818794608,0.881012167,0.645464743,0.080340399,-0.041937868,1.169795072,1.011108085,0.057435263,1.019594821,0.652066786,0.87237046,1.100644209,0.484439132,-0.009567429,-0.03827848,0.54204681,0.086212229,0.69804347,0.920634153,0.465991794,0.434229026,0.41329661,0.36172539,0.36172539,0.434229026
2012-01,0.387833333,0.47071707,-0.478084824,-0.348445784,-0.015113019,0.971329504,0.271675828,0.672773081,0.926830452,0.900326715,1.0480153,0.265997329,0.674390227,0.7115069,1.066446785,0.907107689,0.779212829,0.692809116,0.072431415,0.104602468,1.133015085,1.001223887,0.057435263,1.100490715,0.733688144,0.844284953,1.127387311,0.944204896,-0.009567429,-0.03827848,0.54204681,0.086212229,0.793883282,1.027476385,0.465991794,0.434229026,0.41329661,0.36172539,0.36172539,0.434229026
2012-02,0.398833333,0.690862612,0.19394347,-0.324787676,0.03594818,1.013046558,0.283530111,0.621173515,0.869676467,1.122491869,0.954529357,0.297623746,0.775700527,0.781668217,1.073929371,0.968847512,0.653610478,0.846081317,0.207980458,0.330419818,1.122129389,0.963651053,0.057435263,1.249539854,0.699895068,0.807630286,1.184404893,1.129265301,-0.009567429,-0.03827848,0.54204681,0.086212229,0.906896117,0.937632198,0.465991794,0.434229026,0.41329661,0.36172539,0.36172539,0.434229026
2012-03,0.3705,0.57949162,0.472343889,-0.324787676,-0.039241509,1.015855122,-0.022326549,0.592136363,0.708270175,1.223406879,0.864717054,0.287708097,0.741758609,0.705533657,1.030046065,0.943074199,0.632931861,0.898654121,0.061250858,0.461304965,0.591551421,0.877615748,0.057435263,1.194305763,0.756401214,0.738092684,1.237142285,1.323659459,-0.009567429,-0.03827848,0.54204681,0.086212229,0.987922381,0.910813525,0.465991794,0.434229026,0.41329661,0.36172539,0.36172539,0.434229026
2012-04,0.3535,0.296534579,0.334588984,-0.324787676,-0.004408354,1.110551079,-0.019319111,0.58042049,0.667048109,1.382848888,0.950652169,0.278515746,0.802566729,0.714681479,0.978517249,0.913727142,0.501191145,0.890051384,-0.059721947,0.469584988,0.702137134,0.876993097,0.057435263,1.151987056,0.807577032,0.723531838,1.240714672,1.435224523,-0.009567429,-0.03827848,0.54204681,0.086212229,1.026024776,0.914743001,0.465991794,0.434229026,0.41329661,0.36172539,0.36172539,0.434229026
2012-05,0.327166667,0.337007469,0.457291173,-0.28767773,-0.004610087,1.123193242,0.011658129,0.609547159,0.665834926,1.490829393,0.957815683,0.285625432,0.812625581,0.742537364,1.03734232,0.927242828,0.53637744,0.88806344,-0.107350007,0.482692301,0.690334794,0.889743807,0.057435263,1.180006151,0.833322496,0.736013673,1.265000992,1.483045165,-0.009567429,-0.03827848,0.54204681,0.086212229,1.040773926,0.931751785,0.465991794,0.434229026,0.41329661,0.36172539,0.36172539,0.434229026
2012-06,0.306833333,0.343384826,0.593416654,-0.233683819,-0.004206629,1.125943472,0.019157077,0.609738042,0.668607426,1.49475758,0.960043912,0.310458205,0.82837529,0.774141459,1.03734232,0.932595392,0.516447855,0.90842495,-0.056343996,0.494060157,0.732437894,0.895332613,0.057435263,1.191707641,0.88738664,0.732778916,1.328019038,1.490620413,-0.009567429,-0.03827848,0.54204681,0.086212229,1.047001534,0.931261582,0.465991794,0.434229026,0.41329661,0.36172539,0.36172539,0.434229026
2012-07,0.351333333,0.343916111,0.609229286,-0.233487788,-0.004206629,1.1272123,0.019157077,0.609738042,0.666528215,1.49497575,0.960043912,0.308748214,0.825373893,0.77363929,1.03734232,0.925182269,0.528323646,0.90842495,-0.056343996,0.480990819,0.733909024,0.895332613,0.057435263,1.192790289,0.897929435,0.765546195,1.32919709,1.503711293,-0.009567429,-0.03827848,0.54204681,0.086212229,1.05129763,0.931261582,0.465991794,0.434229026,0.41329661,0.36172539,0.36172539,0.434229026
2012-08,0.403,0.343916111,0.609229286,-0.233487788,-0.004206629,1.1272123,0.019157077,0.609738042,0.666528215,1.49497575,0.960043912,0.308748214,0.825373893,0.77363929,1.037798068,0.924357753,0.528442212,0.902750289,-0.056343996,0.480990819,0.733698874,0.895332613,0.057435263,1.192790289,0.897929435,0.775910124,1.32919709,1.503711293,-0.009567429,-0.03827848,0.54204681,0.086212229,1.049610793,0.930444518,0.465991794,0.434229026,0.41329661,0.36172539,0.36172539,0.434229026
2012-09,0.399,0.425441071,0.731557005,-0.20196204,-0.003198147,1.137281004,0.002653744,0.624787562,0.718386894,1.554290033,0.97151412,0.316318028,0.831088665,0.812165508,1.081177025,0.925079214,0.56172626,0.947917489,-0.031299023,0.533781495,0.762036729,0.886947328,0.057435263,1.162206229,0.902268442,0.780052924,1.361610664,1.567708838,-0.009567429,-0.03827848,0.54204681,0.086212229,1.067720766,0.935182482,0.465991794,0.434229026,0.41329661,0.36172539,0.36172539,0.434229026
2012-10,0.383333333,0.239844317,0.635052442,-0.18847958,-0.015719718,1.129467201,-0.195795177,0.625357886,0.629284101,1.534789957,0.987020183,0.235976369,0.828518151,0.742032185,0.973917709,0.988780619,0.539452188,0.84085208,-0.108796385,0.499927124,0.701715798,0.791050376,0.057435263,0.970453562,0.835189687,0.811531175,1.32936537,1.502280238,-0.009567429,-0.03827848,0.54204681,0.086212229,1.037846759,0.883754827,0.465991794,0.434229026,0.41329661,0.36172539,0.36172539,0.434229026
2012-11,0.433666667,0.582093827,0.850125358,-0.314176584,0.306690341,1.207675005,-0.218117734,0.707901759,0.577429039,1.631334104,1.031747657,0.344573328,0.744538463,0.792687888,0.828619667,0.985532935,0.62970448,0.948309089,-0.035985663,0.639858353,0.743572125,0.848903409,0.057435263,0.897849873,0.887179846,0.652098771,1.184576081,1.257729831,0.146448894,-0.03822477,0.54204681,0.137053742,1.065893019,0.949055542,0.465991794,0.434229026,0.41329661,0.36172539,0.36172539,0.434229026
2012-12,0.463666667,0.09795222,0.586221083,-0.254960594,0.408244227,1.091777019,-0.359995843,0.690191387,0.452171864,1.583009854,1.041036455,0.434620602,0.650451729,0.758300074,0.770615417,0.973534516,0.598201741,0.897993046,0.087822325,0.746041959,0.582215217,0.729924477,0.057435263,0.778555436,0.632628377,0.541256809,0.961943506,1.142905843,0.202625937,-0.018613087,0.54204681,0.188350921,1.092110463,0.803137945,0.465991794,0.434229026,0.41329661,0.36172539,0.36172539,0.434229026
2013-01,0.458166667,0.936240729,1.231933033,-0.053823339,0.495373126,1.217302013,-0.667926758,0.680087309,0.477527623,1.789653908,1.130348147,0.665176516,0.87817078,0.770499648,0.791180558,1.03928968,0.615724281,0.890581332,0.387840607,1.052019568,0.849751373,0.716348196,0.057435263,0.983537943,0.452250151,0.682993142,1.037887815,1.362612221,0.202625937,0.114719788,0.54204681,0.425477812,1.124526687,0.796848192,0.465991794,0.434229026,0.41329661,0.36172539,0.36172539,0.434229026
2013-02,0.446666667,0.960448754,1.255826393,-0.01333049,0.594489027,1.157007037,-0.80362372,0.60572746,0.394266807,1.635613737,1.102445497,0.68452864,0.988169264,0.735966297,0.672723034,0.89767708,0.552785737,0.769091134,0.510162548,1.0653263,0.770210747,0.562895503,0.057435263,0.965126135,0.257533021,0.655121582,1.011241159,1.304972035,0.218934731,0.239882217,0.54204681,0.47100144,1.088037353,0.757877001,0.465991794,0.434229026,0.41329661,0.36172539,0.36172539,0.434229026
2013-03,0.436166667,0.802710425,1.370940899,0.050599276,0.799371923,1.120653231,-0.913566564,0.488526086,-0.026106167,1.362659899,0.948300239,0.527338043,1.10875816,0.700826696,0.642716427,0.970682203,0.419328687,0.507248123,0.708271212,1.093121796,0.579455977,0.43730695,0.057435263,0.71269926,-0.082241232,0.367898771,0.711751987,1.233322957,0.339898438,0.30359417,0.54204681,0.552139001,1.080324996,0.711788462,0.465991794,0.434229026,0.41329661,0.36172539,0.36172539,0.434229026
2013-04,0.391166667,0.877532037,1.406525433,0.110300556,0.813025643,1.091706043,-1.027735574,0.447916036,-0.068754,1.333053331,0.962505021,0.543228178,1.109682315,0.73811542,0.678472119,0.924460827,0.311560176,0.479208493,0.760068641,1.109696311,0.602579409,0.475343112,0.057435263,0.660899667,-0.077260192,0.274837282,0.765616086,1.322414417,0.453385036,0.393317698,0.54204681,0.597008759,1.105563471,0.714954656,0.465991794,0.434229026,0.41329661,0.36172539,0.36172539,0.434229026
2013-05,0.336666667,0.899328882,1.488370787,0.108447035,0.818565633,1.088653143,-1.031435834,0.451896928,-0.065425027,1.351320992,0.969644031,0.561648096,1.013077304,0.746324684,0.675837614,0.893940254,0.253854514,0.517426475,0.766109661,1.110137252,0.615931529,0.483757725,0.057435263,0.687955671,-0.044649103,0.31488223,0.780920733,1.350814224,0.493324829,0.413444316,0.54204681,0.620209083,1.096251993,0.731274422,0.465991794,0.434229026,0.41329661,0.36172539,0.36172539,0.434229026
2013-06,0.335166667,0.904898343,1.467194312,0.078079302,0.845808125,1.085740553,-1.020449519,0.456271161,-0.065425027,1.377973103,0.976184918,0.546048132,0.960608621,0.734575227,0.729319069,0.899025648,0.253600245,0.502004287,0.822794403,1.079028605,0.628215083,0.461798546,0.057435263,0.694769661,-0.043333308,0.314179053,0.785722361,1.354748081,0.493605913,0.426301607,0.54204681,0.6325177,1.117898838,0.769000602,0.465991794,0.434229026,0.41329661,0.36172539,0.36172539,0.434229026
2013-07,0.306833333,0.904898343,1.466752697,0.077567,0.845651322,1.085740553,-1.021433904,0.456271161,-0.064641805,1.377973103,0.974317356,0.546048132,0.963360568,0.734701702,0.734552542,0.899440502,0.249275398,0.502878696,0.824352721,1.079139792,0.630967084,0.46212912,0.057435263,0.694769661,-0.043333308,0.315585427,0.786433576,1.354748081,0.493605913,0.427350488,0.54204681,0.632779472,1.116556186,0.769000602,0.465991794,0.434229026,0.41329661,0.36172539,0.36172539,0.434229026
2013-08,0.296666667,0.904898343,1.470285113,0.077567,0.847689153,1.085740553,-1.021433904,0.456271161,-0.069145673,1.377973103,0.974317356,0.546048132,0.973387131,0.73267773,0.734552542,0.904208289,0.246984032,0.502732974,0.824352721,1.076915405,0.626944778,0.461302665,0.057435263,0.694769661,-0.043333308,0.314647836,0.786433576,1.355990105,0.493746458,0.427350488,0.54204681,0.632779472,1.116033845,0.769830325,0.465991794,0.434229026,0.41329661,0.36172539,0.36172539,0.434229026
2013-09,0.312333333,1.036281666,1.590585473,0.096787215,0.850821733,1.084177023,-1.016071159,0.479253364,-0.072670998,1.438468645,0.983295752,0.558016154,0.994174036,0.724574192,0.73502814,0.905761795,0.230527438,0.504044303,0.98977568,1.071348395,0.628215083,0.502375118,0.057435264,0.721769602,-0.011508049,0.347950475,0.821770569,1.372538997,0.502183398,0.468473371,0.54204681,0.638667994,1.135286585,0.802145055,0.465991794,0.434229026,0.41329661,0.36172539,0.36172539,0.434229026
2013-10,0.3085,0.610160465,1.28640447,0.04593004,0.917131578,0.990093078,-0.989310881,0.51307885,-0.235751337,1.334168501,0.984110814,0.552270206,1.062911233,0.695096534,0.645601635,0.850194277,0.179242612,0.380875681,0.830138888,0.968143797,0.594733218,0.444428569,0.057511265,0.596857887,0.02637324,0.290283735,0.502006189,1.148569391,0.557740958,0.527457254,0.54204681,0.725930347,1.098958997,0.723782995,0.465991794,0.434229026,0.41329661,0.36172539,0.36172539,0.434229026
2013-11,0.3295,0.389514576,1.521816336,0.215260096,0.96280385,0.849096167,-0.846918941,0.413710743,-0.384172454,1.302432536,0.997589652,0.637215832,1.009684839,0.708838816,0.781732261,0.798436299,0.114842663,0.519314122,0.918990157,1.067892503,0.631390428,0.648525895,0.059622201,0.699083704,0.058131271,0.257535583,0.640159912,0.982581279,0.685816941,0.609973117,0.54204681,0.862687077,1.108634451,0.622382753,0.465991794,0.434229026,0.41329661,0.36172539,0.36172539,0.434229026
2013-12,0.347,0.462307122,1.81747376,0.372370623,0.942179719,0.672720713,-0.677886114,0.676525735,-0.537260399,0.976046277,1.004309411,0.686128318,0.919907152,0.726221213,0.854643599,0.797054235,0.288043048,0.404910391,1.007717725,1.041922739,0.601307274,0.496447985,0.072050775,0.533791861,0.106887956,0.423070933,0.562065007,1.032735757,0.846714238,0.794403751,0.54204681,1.005495548,1.129652807,0.645988593,0.465991794,0.434229026,0.41329661,0.36172539,0.36172539,0.434229026
2014-01,0.364166667,0.161295178,1.834144257,0.37977725,0.816983764,0.496964876,-0.436066772,0.635229874,-0.537260399,0.54036465,0.958871339,0.427066186,0.660345475,0.6041582,0.579246162,0.66823254,0.424695084,0.32957402,0.772594948,0.973758866,0.795534294,0.309794992,0.095318387,0.333820568,-0.022357755,0.457341824,0.331192028,0.669201328,0.878286658,0.913440055,0.54204681,1.10383912,1.173272404,0.497845236,0.465991794,0.434229026,0.41329661,0.36172539,0.36172539,0.434229026
2014-02,0.383,0.2146173,1.449073404,0.441218362,0.847532443,0.420804448,-0.388680904,0.896364732,-0.435835277,0.436162631,1.077717738,0.405550389,0.480265604,0.513362758,0.40367481,0.653294142,0.637997624,0.228669269,0.711640596,0.878379095,0.856612769,0.212623005,0.121747424,0.222805104,0.02850509,0.471654734,0.257651882,0.515454018,0.986852466,1.080951997,0.54204681,1.200525202,1.177352057,0.579630623,0.465991794,0.434229026,0.41329661,0.36172539,0.36172539,0.434229026
2014-03,0.417,0.535164282,1.563917539,0.618821257,0.845651322,0.344036647,-0.387557792,0.916130955,-0.2790909,0.61631668,1.084510028,0.488179357,0.416893865,0.525834851,0.591104948,0.667245582,0.731453579,0.256329816,0.807199594,0.779190433,0.804102068,0.132949717,0.182986643,0.338844459,-0.072821001,0.62253525,0.313123222,0.330796217,1.084073457,1.211267684,0.54204681,1.306373474,1.234487234,0.752062287,0.465991794,0.434229026,0.41329661,0.36172539,0.36172539,0.434229026
2014-04,0.407833333,0.813938621,1.904823026,0.664857612,0.819988642,0.237835888,-0.305600753,0.991768117,-0.228927298,0.443012492,0.986671188,0.492095921,0.392219654,0.550313136,0.626589772,0.648560098,0.830370776,0.333504226,0.93706533,0.736148249,0.91319449,0.093190794,0.261413937,0.421634604,0.009572964,0.626262988,0.405987766,0.301959591,1.190576351,1.321869057,0.54204681,1.360705627,1.26679131,0.780611617,0.465991794,0.434229026,0.41329661,0.36172539,0.36172539,0.434229026
2014-05,0.371833333,0.717125033,1.82816285,0.641185613,0.832767144,0.225197836,-0.317477765,0.980535258,-0.235166619,0.321687974,0.979567303,0.485685567,0.384336606,0.518354528,0.561066241,0.684102051,0.841144237,0.334259686,0.963237193,0.718369936,0.995284066,0.074121118,0.262188881,0.38982365,-0.012843253,0.61041401,0.365776419,0.258795249,1.212731978,1.348885957,0.54204681,1.434960114,1.272474117,0.744249858,0.465991794,0.434229026,0.41329661,0.36172539,0.36172539,0.434229026
2014-06,0.333333333,0.730490984,1.679735719,0.605147053,0.832452243,0.222142713,-0.325202097,0.982265547,-0.241401599,0.317270102,0.973383197,0.459971024,0.370786743,0.489928748,0.561794095,0.678527112,0.825353704,0.3071446,0.917224967,0.712465578,0.968619622,0.068492213,0.263656125,0.374498071,-0.073561618,0.601317142,0.299721342,0.252682802,1.212731978,1.348885957,0.54204681,1.435286663,1.26714247,0.749735668,0.465991794,0.434229026,0.41329661,0.36172539,0.36172539,0.434229026
2014-07,0.303,0.747946471,1.69747949,0.636262114,0.832452243,0.220922804,-0.325202097,0.982611511,-0.157931089,0.318497307,0.973383197,0.460328965,0.368524008,0.524260779,0.561794095,0.678527112,0.821094502,0.353109405,0.917666294,0.746407876,1.026970669,0.123454087,0.28367309,0.373354634,-0.024824926,0.690183812,0.30919056,0.244750061,1.212731978,1.348885957,0.54204681,1.435286663,1.263769319,0.750732842,0.465991794,0.434229026,0.41329661,0.36172539,0.36172539,0.434229026
2014-08,0.2835,0.747946471,1.69747949,0.636262114,0.832452243,0.220922804,-0.325202097,0.982611511,-0.157931089,0.318497307,0.973383197,0.460328965,0.369008986,0.524260779,0.561794095,0.678745875,0.820985224,0.353109405,0.917666294,0.746407876,1.027174721,0.123454087,0.28367309,0.373354634,-0.024824926,0.679744441,0.30919056,0.244750061,1.212731978,1.349802829,0.54204681,1.435286663,1.265878065,0.750732842,0.465991794,0.434229026,0.41329661,0.36172539,0.36172539,0.434229026
2014-09,0.2815,0.705803403,1.676270189,0.635988324,0.867840344,0.205179033,-0.25612723,0.976379354,-0.167922908,0.282168876,0.953707286,0.47546133,0.363023536,0.535794839,0.496076966,0.745914234,0.790584228,0.320341262,0.901103343,0.731987312,1.097076832,0.158804782,0.3000883,0.393941976,-0.026152259,0.652331317,0.2542725,0.189764291,1.212860462,1.371496009,0.54204681,1.460772507,1.254540458,0.747242402,0.465991794,0.434229026,0.41329661,0.36172539,0.36172539,0.434229026
2014-10,0.298833333,0.862300986,1.529722668,0.651686558,0.824253852,0.150645511,-0.119025951,1.034153845,-0.159302712,0.258114933,0.911282465,0.505131191,0.249804324,0.58834124,0.679908771,0.748389397,0.759697097,0.428674887,0.865236336,0.746163935,1.026766611,0.192387617,0.341205585,0.393941976,-0.071338868,0.530956564,0.220727659,0.166533034,1.226842417,1.428852541,0.54204681,1.50095496,1.282266319,0.745579961,0.465991794,0.434229026,0.41329661,0.36172539,0.36172539,0.434229026
2014-11,0.3505,0.386868472,1.207986379,0.685100987,0.629428746,-0.000133388,-0.101273693,0.91947396,-0.192785406,0.002106728,0.765700702,0.484141235,0.144049735,0.585354601,0.709543485,0.801942539,0.569589963,0.330178865,0.676111226,0.835676527,1.015127321,0.146789116,0.480716788,0.499700262,-0.068927861,0.64651651,0.17711269,0.278381502,0.969697106,1.473288074,0.54204681,1.456339343,1.260884519,0.617189336,0.465991794,0.434229026,0.41329661,0.36172539,0.36172539,0.434229026
2014-12,0.371833333,0.893756785,1.336579967,0.689534528,0.534697832,-0.04343158,0.116208164,0.947334859,-0.219951245,-0.063498114,0.665835334,0.540171535,0.23031102,0.683618203,0.884303665,0.877811914,0.47253599,0.527291237,0.547112699,0.922903613,1.079250751,0.309460837,0.765158089,0.512287035,0.162549324,0.710573889,0.468550046,0.39857253,1.089358842,1.518822601,0.54204681,1.557330196,1.210037592,0.78707578,0.465991794,0.434229026,0.41329661,0.36172539,0.36172539,0.434229026
2015-01,0.379833333,-0.054000913,0.54486929,0.541813006,0.427253674,-0.076588278,0.250293298,0.77226033,-0.3937683,-0.445114749,0.330595858,0.399526908,-0.181993633,0.574824498,0.621529062,0.792373049,0.287412424,0.453201839,0.244402523,0.677832519,0.807234954,0.184029296,0.851769988,0.103779981,0.228484195,0.399827032,0.157784223,0.125227726,1.160644285,1.439866055,0.54204681,1.383533191,1.115063486,0.680925099,0.465991794,0.434229026,0.41329661,0.36172539,0.36172539,0.434229026
2015-02,0.387333333,-0.201355007,0.603482038,0.612200005,0.300192539,-0.07661315,0.297913371,0.999008706,-0.215069739,-0.347577108,0.222238295,0.598874777,-0.081183166,0.616703537,0.763747991,0.711867158,0.170186619,0.45438053,0.192510386,0.719721676,0.871982048,0.206099809,0.99691149,-0.025800853,0.457466048,0.497686531,0.14604353,0.202068591,1.259757776,1.390019931,0.54204681,1.418703198,1.101738061,0.733437858,0.465991794,0.434229026,0.41329661,0.36172539,0.36172539,0.434229026
2015-03,0.403166667,0.105550473,0.500447809,0.598492047,0.251905839,-0.07661315,0.281160689,1.14466542,-0.031578146,-0.281163687,0.077921467,0.641252877,-0.006919566,0.595866079,0.766827255,0.625586643,0.189829064,0.45438053,0.143169753,0.609601751,0.88421899,0.299434265,1.181463005,-0.12188944,0.777011345,0.409923021,0.254094671,0.142870007,1.235414461,1.492787446,0.54204681,1.492291339,1.177643204,0.837338819,0.465991794,0.434229026,0.41329661,0.36172539,0.36172539,0.434229026
2015-04,0.399333333,0.381044889,0.706447586,0.564826251,0.280436773,-0.07661315,0.543942505,1.326546034,0.006876123,-0.041080518,0.019057462,0.630634182,0.073925901,0.575865334,0.680866401,0.673601966,0.172128636,0.45438053,0.27258831,0.668126325,0.962249406,0.331505064,1.283217789,-0.072224751,0.744943124,0.356867586,0.313123222,0.168453122,1.242183271,1.470783192,0.54204681,1.532857051,1.098432871,0.954272859,0.465991794,0.434229026,0.41329661,0.36172539,0.36172539,0.434229026
2015-05,0.336666667,0.441782063,0.838422488,0.578986783,0.282492272,-0.07661315,0.605810714,1.38357534,0.034714107,-0.056592848,0.0069045,0.655644023,0.069278144,0.607394122,0.677753701,0.678198946,0.172128636,0.424079992,0.378765782,0.748480715,1.064433911,0.390161384,1.363138235,-0.087997685,0.708451354,0.32730806,0.314195967,0.156803928,1.20565954,1.504104007,0.54204681,1.554701215,1.090225614,0.944651091,0.465991794,0.434229026,0.41329661,0.36172539,0.36172539,0.434229026
2015-06,0.308666667,0.425968563,0.815916276,0.590010774,0.250397605,-0.07661315,0.585952001,1.380454573,0.051808403,-0.088413808,-0.020274727,0.650237881,0.065316204,0.606617664,0.623939284,0.672616252,0.172128636,0.436372182,0.322328939,0.752379326,1.052642805,0.384838216,1.365078932,-0.108648043,0.686116766,0.308320015,0.307582083,0.144752488,1.205402144,1.49326967,0.54204681,1.544798536,1.068938497,0.90524399,0.465991794,0.434229026,0.41329661,0.36172539,0.36172539,0.434229026
2015-07,0.320666667,0.428078289,0.821078223,0.598214397,0.251905839,-0.07661315,0.585952001,1.38061067,0.069646877,-0.086520417,-0.020274727,0.651733791,0.080117437,0.634633513,0.618635934,0.67228763,0.172128636,0.449221488,0.320744155,0.757854683,1.072150091,0.393321033,1.365685313,-0.108648043,0.694050422,0.307851353,0.307582083,0.146466523,1.205402144,1.494314283,0.54204681,1.54796201,1.082974159,0.906882426,0.465991794,0.434229026,0.41329661,0.36172539,0.36172539,0.434229026
2015-08,0.324,0.428078289,0.833737679,0.609021549,0.249454623,-0.07661315,0.586126468,1.38061067,0.082035239,-0.086520417,-0.020274727,0.654379288,0.088019605,0.633989521,0.620323706,0.665819574,0.172128636,0.449221488,0.320744155,0.757854683,1.080264634,0.393321033,1.365806584,-0.108648043,0.694050422,0.309960404,0.307582083,0.145437795,1.20527344,1.494314283,0.54204681,1.54806741,1.083730531,0.906063243,0.465991794,0.434229026,0.41329661,0.36172539,0.36172539,0.434229026
2015-09,0.377166667,0.323177632,0.757550094,0.62088707,0.255296948,-0.07661315,0.642057777,1.362462217,0.10000466,-0.130311146,-0.034411697,0.653574288,0.086646067,0.666740016,0.628516902,0.679839521,0.171869746,0.48579628,0.168579074,0.792461764,1.082697442,0.351191378,1.363138235,-0.133197615,0.750360362,0.289581342,0.29882839,0.153348064,1.197544277,1.462934979,0.54204681,1.550174742,1.073423582,0.872581622,0.465991794,0.434229026,0.41329661,0.36172539,0.36172539,0.434229026
2015-10,0.418666667,0.212467728,0.506252816,0.600989605,0.227694679,-0.07661315,0.653978853,1.340920281,0.138317573,-0.18600838,-0.137110312,0.609212761,0.084585164,0.720771449,0.528257479,0.67327342,0.123476982,0.524682163,0.161883198,0.77156762,0.997127093,0.269838349,1.303626555,-0.224493363,0.591435641,0.237454527,0.215061895,0.217190473,1.15439927,1.477808968,0.54204681,1.505332095,1.042928506,0.813558065,0.465991794,0.434229026,0.41329661,0.36172539,0.36172539,0.434229026
2015-11,0.429833333,-0.04025146,0.551612296,0.525883578,0.273513682,-0.07661315,0.439872003,1.321003463,0.241597341,-0.123047681,-0.238759791,0.517899418,0.11798434,0.704134715,0.244098768,0.663405243,-0.039808261,0.537133528,-0.005819344,0.72782162,1.090599103,0.26448562,1.279791934,-0.150335943,0.561528784,0.313007134,0.143068607,0.397783995,1.052236479,1.477889651,0.54204681,1.423511722,0.984850825,0.739427116,0.465991794,0.434229026,0.41329661,0.36172539,0.36172539,0.434229026
2015-12,0.441166667,-0.512412695,-0.319235707,0.470523882,0.16912779,-0.07661315,-0.018943224,1.010015622,0.321173999,-0.082494181,-0.44555602,0.409522683,0.11798434,0.661999798,0.102416606,0.566268896,-0.18894864,0.481112636,-0.109415956,0.724632879,1.037167322,0.306453247,1.234172313,-0.080229828,0.226035493,0.219269705,-0.066068696,0.212493462,0.896549288,1.318426594,0.54204681,1.381433899,0.965781357,0.604452234,0.465991794,0.434229026,0.41329661,0.36172539,0.36172539,0.434229026
2016-01,0.516666667,0.071862093,0.354733191,0.604039029,0.675424525,-0.07661315,-0.276156271,1.286623638,0.489434543,0.48772704,-0.519628301,0.529930769,0.206037571,0.709220052,0.545525829,0.786940493,-0.09669263,0.675923589,-0.018692955,0.863059789,1.240454391,0.577425719,1.42767379,0.221673167,0.351156931,0.396070413,0.280805325,0.426695067,0.86507037,1.222205459,0.54204681,1.523529191,0.91681357,0.883262156,0.465991794,0.434229026,0.41329661,0.36172539,0.36172539,0.434229026
2016-02,0.590333333,-0.063360213,0.254601371,0.613166618,0.637810944,-0.07661315,-0.526866651,1.087367534,0.504186374,0.511629345,-0.584139869,0.502052904,0.264576227,0.726854548,0.651609384,0.673820983,-0.25668379,0.656579745,-0.138118998,0.880260042,1.163977965,0.705146126,1.412249561,0.163251017,0.476043253,0.40452284,0.336026034,0.520541791,0.754341978,1.0795291,0.54204681,1.468867485,0.846403302,0.774641616,0.465991794,0.434229026,0.41329661,0.36172539,0.36172539,0.434229026
2016-03,0.596666667,-0.55149201,-0.086215613,0.572126207,0.728256102,-0.07661315,-0.483627694,1.086862602,0.321919302,0.462816269,-0.631028611,0.425386132,0.444111984,0.737989025,0.51729776,0.646136007,-0.277648206,0.710733757,-0.137101188,1.031346698,1.1559473,0.818003767,1.356828049,0.057093434,0.579096463,0.445607012,0.261744334,0.668160013,0.651977869,1.087082984,0.54204681,1.45579833,0.759577909,0.534973358,0.465991794,0.434229026,0.41329661,0.36172539,0.36172539,0.434229026
2016-04,0.661166667,-1.168196179,-0.729595331,0.527024585,0.712597011,-0.07661315,-0.565451824,0.943841557,0.258016722,0.469657674,-0.631028611,0.379124775,0.356705008,0.614506827,0.472369084,0.647678769,-0.356728077,0.657282212,-0.211772486,1.036526108,0.932806371,0.822248397,1.238226828,-0.047624399,0.42452252,0.373532451,0.144468362,0.601574786,0.538257852,1.016198775,0.54204681,1.460988615,0.771531332,0.406321165,0.465991794,0.434229026,0.41329661,0.361954221,0.361858489,0.434229026
2016-05,0.730166667,-1.165756623,-0.611942642,0.53286452,0.694558665,-0.07661315,-0.606201448,0.928257299,0.286779203,0.467458904,-0.631028611,0.379487513,0.3732097,0.654946099,0.472369084,0.586428855,-0.383096119,0.661775144,-0.234503028,1.043607521,0.863884949,0.819576209,1.237366899,-0.031380034,0.428064517,0.378697009,0.148669845,0.63075378,0.514007918,0.987969994,0.54204681,1.409066392,0.777053711,0.420247186,0.465991794,0.434229026,0.41329661,0.36225738,0.362096803,0.434229026
2016-06,0.692666667,-1.188955346,-0.612484004,0.533575824,0.694558665,-0.07661315,-0.590368923,0.931063681,0.297831457,0.467458904,-0.631028611,0.378762018,0.371109888,0.679659006,0.471635071,0.595359264,-0.325749979,0.661073449,-0.205150654,1.053475651,0.844342186,0.819576209,1.235278232,-0.031380034,0.437026598,0.397713929,0.147444071,0.629924438,0.528101341,0.987969994,0.54204681,1.412792831,0.778346085,0.416219662,0.465991794,0.434229026,0.41329661,0.362288793,0.362811953,0.434229026
2016-07,0.630166667,-1.210368119,-0.65263006,0.501087541,0.694558665,-0.07661315,-0.590368923,0.930712997,0.217357458,0.465992923,-0.631028611,0.37839924,0.369655533,0.6440275,0.471635071,0.595359264,-0.33371834,0.618183366,-0.205541046,1.021756302,0.782774926,0.767307192,1.20735286,-0.031380034,0.372523129,0.274837282,0.136949089,0.62557184,0.528101341,0.987969994,0.54204681,1.412792831,0.778001524,0.415212869,0.465991794,0.434229026,0.41329661,0.362288793,0.362811953,0.434229026
2016-08,0.6595,-1.15722264,-0.644478709,0.507416263,0.694723113,-0.07661315,-0.590368923,0.930712997,0.217357458,0.490899598,-0.631028611,0.404587025,0.374178477,0.665074993,0.471145704,0.595136225,-0.33119678,0.631493209,-0.204564863,1.023789354,0.785495347,0.801152463,1.235769717,-0.021501799,0.376883884,0.28021862,0.150771819,0.638221767,0.528101341,0.986971646,0.54204681,1.412792831,0.77825995,0.426625188,0.465991794,0.434229026,0.41329661,0.362288793,0.362854378,0.434229026
2016-09,0.604833333,-1.040878321,-0.736174402,0.486357344,0.690773997,-0.07661315,-0.576952074,0.916130955,0.153855228,0.503584245,-0.631028611,0.42046328,0.474289772,0.618124493,0.490215713,0.524766287,-0.265157073,0.620310151,-0.184109777,0.989297586,0.690545639,0.786467271,1.228149348,-0.033094496,0.361316675,0.312772757,0.152874605,0.670034463,0.527960328,0.9632221,0.54204681,1.386955674,0.820673979,0.464578534,0.465991794,0.434229026,0.413776992,0.365296934,0.369607208,0.434229026
2016-10,0.590666667,-1.261322886,-0.397805777,0.528165099,0.766586484,-0.07661315,-0.674114994,0.865272171,0.148679809,0.545959514,-0.631028611,0.445276364,0.500482488,0.606488245,0.353169488,0.507739144,-0.264484912,0.54940477,-0.115601513,0.982793238,0.685273558,0.84796472,1.260316664,0.063260406,0.396836589,0.483383077,0.198620629,0.733125229,0.512599518,0.960849819,0.54204681,1.392578998,0.768678613,0.553446354,0.465991794,0.434229026,0.414642122,0.384224601,0.378717059,0.434229026
2016-11,0.551166667,-1.031240642,-0.577358948,0.473145223,0.855358506,-0.07661315,-0.708088458,0.820406501,0.256697328,0.631552196,-0.533864947,0.414454388,0.536726987,0.543646792,0.302276528,0.473264698,-0.081198978,0.599990381,-0.123614701,0.857386888,0.538239381,0.841546271,1.262278056,0.011805456,0.328383568,0.280920656,0.381206987,0.743602138,0.41291368,0.956741212,0.54204681,1.378448546,0.714758913,0.583489437,0.465991794,0.434231342,0.420954171,0.409491436,0.403339237,0.434246026
2016-12,0.495666667,-1.516127071,-0.741660444,0.412470733,0.905764839,-0.07661315,-0.870142886,0.734404934,0.261408069,0.604212062,-0.459293628,0.273731554,0.334594736,0.56974784,0.229480066,0.436917362,-0.014501221,0.464093014,-0.019763337,0.785228889,0.528669181,0.70258293,1.087018502,-0.157428028,0.234814572,0.130497359,0.200210048,0.736057977,0.22956776,0.875713601,0.54204681,1.241329742,0.668308407,0.471802514,0.465991794,0.434354506,0.444006462,0.465117068,0.449941957,0.435038876
2017-01,0.491833333,-1.320570545,-0.473281262,0.512869728,0.947955709,-0.07661315,-0.668271106,0.685891101,0.481499913,0.62550856,-0.343727731,0.298113078,0.329375102,0.637337483,0.332925948,0.459954519,0.166689007,0.541035261,0.019431358,0.915695689,0.567353549,0.761595058,1.105129504,0.072748725,0.414941759,0.151728287,0.307939505,0.721819198,0.164658901,0.811505875,0.54204681,1.342314619,0.599994483,0.512126679,0.465991794,0.437096781,0.509104071,0.538643764,0.498601478,0.435954948
2017-02,0.485833333,-0.934149857,-0.488233532,0.378720481,0.955085333,-0.07661315,-0.59536059,0.398410855,0.391142342,0.71752082,-0.167416854,0.171809179,0.116276348,0.545215991,0.266886014,0.671411181,0.377238639,0.682770001,-0.046608062,0.918371287,0.722555864,0.777923947,1.093718893,0.338387694,0.3895589,0.00892816,0.43222586,0.69359945,0.144696836,0.880351367,0.54204681,1.4111493,0.608091639,0.512966728,0.467213224,0.450375588,0.654156138,0.632774322,0.578422688,0.450204726
2017-03,0.451333333,-1.244719957,-0.400453402,0.291931077,0.801598625,-0.07661315,-0.539415649,0.289189569,0.449083841,0.537201436,-0.044838763,0.221298899,0.038725496,0.402327735,0.086352544,0.700674189,0.508112101,0.805811596,-0.181533151,0.936466313,0.855365586,0.713629481,0.990939917,0.375870247,0.094979222,-0.065792979,0.207455321,0.581572214,0.130604427,0.797508148,0.54204681,1.305583194,0.554496955,0.385195878,0.472065041,0.484687666,0.703343331,0.711629285,0.657705144,0.466451936
2017-04,0.357833333,-1.769644048,-0.423783717,0.28723761,0.736381341,-0.07661315,-0.657220079,0.219743772,0.481319426,0.253452065,-0.010166674,0.231415221,0.031628365,0.323017449,0.157614153,0.689669674,0.627743587,0.888593658,-0.307298509,0.900067614,0.693918722,0.715068944,0.919293658,0.228240318,0.051673354,0.022191665,0.064141018,0.505497855,0.10446457,0.790450514,0.54204681,1.261732582,0.5845564,0.226073459,0.47260416,0.504990355,0.761539719,0.762143373,0.730480775,0.482479263
2017-05,0.331166667,-1.703904585,-0.525179449,0.329472114,0.742056641,-0.07661315,-0.702869435,0.140082244,0.517101132,0.305733815,0.044933435,0.185192993,0.046333772,0.282621811,0.157614153,0.654284327,0.636041242,0.91488136,-0.361928069,0.854191944,0.65486877,0.681398246,0.875822644,0.21782563,0.088644379,0.117148753,0.105597043,0.549948301,0.108618216,0.740742686,0.54204681,1.231200269,0.572977849,0.249027023,0.473630555,0.50981669,0.762292165,0.765240456,0.737372144,0.484353879
2017-06,0.323833333,-1.703904585,-0.510169822,0.320525888,0.741732612,-0.07661315,-0.702869435,0.139222055,0.478611303,0.306470198,0.044933435,0.185192993,0.049961959,0.277747236,0.157614153,0.670863309,0.673145431,0.89587685,-0.362758695,0.849809075,0.634565169,0.681398246,0.873837558,0.21782563,0.08824884,0.121748406,0.105076297,0.549333984,0.108618216,0.742165066,0.54204681,1.235577833,0.572033845,0.249027023,0.473630555,0.51202559,0.762292165,0.765438214,0.739097245,0.484353879
2017-07,0.301833333,-1.706474605,-0.516063672,0.311392516,0.740436163,-0.07661315,-0.702869435,0.13900698,0.461242862,0.304506503,0.044933435,0.18358277,0.031628365,0.248183398,0.157614153,0.670753726,0.673145431,0.883553681,-0.362758695,0.844352648,0.610846163,0.672873205,0.873217265,0.21782563,0.080742423,0.12059816,0.104382064,0.547286758,0.108618216,0.739889128,0.54204681,1.231891814,0.561053959,0.247373014,0.473630555,0.51202559,0.762292165,0.765438214,0.739097245,0.484353879
2017-08,0.307833333,-1.706474605,-0.534840866,0.299266415,0.740436163,-0.07661315,-0.703038068,0.13900698,0.455439388,0.304506503,0.044933435,0.180733374,0.010294757,0.249133855,0.154641482,0.670753726,0.676789287,0.883553681,-0.362758695,0.845064825,0.602367392,0.672873205,0.873093209,0.21782563,0.080742423,0.118528275,0.104382064,0.547286758,0.108618216,0.739889128,0.54204681,1.231776566,0.570994977,0.247373014,0.473630555,0.513579642,0.762292165,0.765438214,0.739097245,0.484353879
2017-09,0.332666667,-1.735432188,-0.575740894,0.276566119,0.731346147,-0.07661315,-0.7650467,0.13900698,0.426682521,0.28879653,0.082620823,0.169701141,-0.011794851,0.211742525,0.139286114,0.655054312,0.676789287,0.827142602,-0.374770549,0.824473673,0.573299447,0.687985623,0.886372023,0.21782563,-0.003480752,0.117148753,0.082398425,0.528897253,0.108618216,0.735999471,0.542046863,1.22427756,0.561907793,0.245554066,0.474209591,0.513993934,0.762292165,0.765833755,0.739097245,0.484395104
2017-10,0.3615,-1.75801198,-0.532156166,0.282849025,0.696038392,-0.07661315,-0.843371489,0.00537225,0.349237109,0.28069608,0.131600832,0.162754577,-0.14069855,0.167299935,0.12715537,0.634326573,0.782307704,0.737127558,-0.424763319,0.853007911,0.493553557,0.704185046,0.882896285,0.145301639,0.061659621,0.123359118,0.097272511,0.469518565,0.102603776,0.705574819,0.542061737,1.195639756,0.540845753,0.206819515,0.476662655,0.526689679,0.766056328,0.790750141,0.739097245,0.503147493
2017-11,0.403,-1.176739095,-0.617899309,0.39077177,0.660831528,-0.07661315,-0.702532115,-0.052809076,0.359791667,0.335431072,0.358817365,0.253952123,-0.112063767,0.323421898,0.052795171,0.624589832,0.835924852,0.589864635,-0.283475222,0.88061261,0.262424707,0.689270202,0.951128805,-0.064192723,0.371485071,0.055665971,0.319382092,0.329643345,0.199740077,0.722322622,0.548660879,1.159378547,0.604837702,0.299315251,0.514555096,0.614847193,0.819180544,0.790750141,0.739642197,0.550442553
2017-12,0.417666667,-0.846809759,-0.228276582,0.444163883,0.536772413,-0.07661315,-0.381565268,-0.091746519,0.496996124,0.305242891,0.555056679,0.365568097,0.221620598,0.38682173,0.105631073,0.779152058,0.934535063,0.73864234,-0.211966766,0.954700682,0.087203997,0.561424659,1.080191986,-0.020210848,0.434942031,0.171168948,0.429169871,0.485247189,0.347187727,0.839778357,0.57266328,1.206796927,0.640372434,0.193529049,0.582175536,0.749907392,0.955825667,0.948503968,0.894101324,0.738941527
2018-01,0.422166667,-1.441967773,-0.970499833,0.410234527,0.000430455,-0.07661315,-0.137545028,-0.700315922,0.414437019,-0.008959927,0.601858072,0.2517379,0.328069171,0.406332808,-0.322744493,0.596362796,0.880797292,0.633613158,-0.355918091,0.926038024,-0.284609814,0.288066797,0.899038537,-0.142603109,0.329417632,0.341615754,0.134328668,0.352030698,0.498667017,1.008976891,0.594484287,1.05352589,0.671019713,-0.07208426,0.612483227,0.919440836,1.035579627,1.046578952,0.967498768,0.821333922
2018-02,0.4225,-0.86398358,-0.720282772,0.437679297,-0.120202144,-0.07661315,0.170491101,-0.746547495,0.276832221,0.039045584,0.602247709,0.281458454,0.433470132,0.413936583,-0.425971336,0.822600621,0.996313519,0.759241323,-0.300860868,0.892110838,-0.355602723,0.15596696,0.9682966,-0.032451696,0.239924413,0.563479642,0.302579223,0.58177811,0.669329183,1.206090159,0.616761697,1.13662266,0.739952724,0.037414113,0.699628982,1.122215753,1.171660444,1.241517291,1.12514204,1.067474502
2018-03,0.481333333,-0.582048624,-0.614108274,0.372521995,-0.320129067,-0.07661315,0.183412566,-0.861911211,0.322291916,-0.032708532,0.679332604,0.268207846,0.511563879,0.360149943,-0.563382625,0.865804421,1.025409302,0.767861241,-0.274482011,0.797275658,-0.40162668,0.037947843,1.03521775,0.021820805,0.036465847,0.401940143,0.243964234,0.620393405,0.829276429,1.190605424,0.681142356,1.251545574,0.825151019,0.083222105,0.733900414,1.298602459,1.266429386,1.299955623,1.247574878,1.251616757
2018-04,0.513833333,-0.000199485,-0.257980507,0.436055602,-0.33338848,-0.07661315,0.333119685,-0.864217174,0.451808669,0.208807864,0.734062037,0.307770899,0.591282801,0.388427237,-0.544880813,0.94235593,1.034574845,0.783139507,-0.181533151,0.863059789,-0.426667668,0.056091618,1.037082568,0.083586119,0.224811516,0.493466473,0.309369291,0.784949575,0.875398019,1.194243888,0.705702723,1.246154294,0.866715778,0.114912198,0.77098411,1.370605345,1.306903713,1.315814922,1.309006181,1.370115774
2018-05,0.497333333,0.017312508,-0.385107222,0.43206583,-0.33338848,-0.07661315,0.330584534,-0.863257289,0.456165205,0.226463713,0.753029812,0.313877003,0.582271183,0.373161755,-0.544707936,0.933932432,1.021488656,0.795917032,-0.139339634,0.862705495,-0.440377627,0.065844854,1.042054976,0.067891608,0.240946875,0.507765458,0.318308941,0.76688701,0.875398019,1.207212505,0.719657461,1.226586596,0.84932797,0.10880653,0.773205916,1.380177969,1.309345067,1.332448411,1.304920717,1.380115089
2018-06,0.459666667,0.017312508,-0.385107222,0.430142623,-0.33338848,-0.07661315,0.314448098,-0.868234016,0.442538001,0.226463713,0.753029812,0.313877003,0.580282614,0.341737939,-0.544707936,0.925182269,0.976294046,0.795509875,-0.176964039,0.848505029,-0.440377627,0.065183172,1.042054976,0.06767096,0.231750672,0.48619734,0.318130091,0.767306864,0.861624011,1.207212505,0.719657461,1.222429276,0.846988533,0.107362049,0.773205916,1.380845927,1.309560416,1.332004727,1.295316268,1.380115089
2018-07,0.446333333,0.017312508,-0.385107222,0.430142623,-0.33338848,-0.07661315,0.314448098,-0.868234016,0.442538001,0.226463713,0.753029812,0.313877003,0.580282614,0.341737939,-0.544707936,0.925182269,0.97608491,0.795509875,-0.176964039,0.848505029,-0.440377627,0.065183172,1.042054976,0.06767096,0.231546466,0.48619734,0.318130091,0.767306864,0.861624011,1.207212505,0.719657461,1.222429276,0.84790788,0.107362049,0.773205916,1.381068583,1.309560416,1.332004727,1.295316268,1.380115089
2018-08,0.498166667,0.032613111,-0.343424622,0.425105896,-0.333598915,-0.07661315,0.316807266,-0.855530648,0.45362437,0.234313367,0.766444618,0.291749338,0.585328433,0.321534319,-0.544707936,0.929508235,0.980369722,0.785453393,-0.177958455,0.849690544,-0.438771221,0.029883917,1.023280968,0.058634313,0.22725972,0.482679477,0.304544397,0.776126103,0.861624011,1.214371095,0.722425861,1.223469051,0.845148738,0.125864696,0.7769183,1.427403527,1.314152047,1.332068113,1.295494287,1.380115089
2018-09,0.514,-0.003486031,-0.26476772,0.477508269,-0.381516637,-0.07661315,0.259620925,-0.853780665,0.538189919,0.263268935,0.788319007,0.265997329,0.498449988,0.356927366,-0.560542096,0.954549245,0.956370434,0.816761539,-0.189052679,0.882727291,-0.413668993,0.042561018,1.05473141,0.090899309,0.211771662,0.471185529,0.33262417,0.799243468,0.861624011,1.247927947,0.733390087,1.2257786,0.791657912,0.094869551,0.806561638,1.443448633,1.305466997,1.313206964,1.26263934,1.380240088
2018-10,0.471833333,0.46861516,-0.204889493,0.475036774,-0.506438808,-0.07661315,0.401955645,-0.896022987,0.662713781,0.405314788,0.83044248,0.281826217,0.579517495,0.409668747,-0.612418013,0.976283058,0.954792705,0.807165087,-0.148063783,0.961256193,-0.364314042,0.093688858,1.062309967,0.124948355,0.187404486,0.537979952,0.33262417,0.866825462,0.889827448,1.263028778,0.78397239,1.20075768,0.778087669,0.103513139,0.861361128,1.503386583,1.416752984,1.288012797,1.294604134,1.380240088
2018-11,0.445833333,0.625723724,-0.066233283,0.581223161,-0.699189138,-0.07661315,0.620750946,-0.984344679,0.837810856,0.237993361,0.716877592,0.300681551,0.680052495,0.43935878,-0.678600978,0.933521082,0.922770206,0.965110605,0.00408571,0.993854998,-0.152222537,0.207437831,0.981360114,0.318071919,0.495258817,1.146596871,0.501106832,1.177073056,1.045710311,1.21867753,0.929462335,1.136149567,0.774811859,0.148515614,0.950491078,1.503386583,1.494133409,1.408412157,1.316635648,1.304676606
2018-12,0.455,0.613274788,-0.064697849,0.525455573,-0.749704645,-0.07661315,0.813793011,-1.04344113,0.853441521,0.343283091,0.759867868,0.520378654,0.866741167,0.353972251,-0.759912465,0.923326873,0.956896187,1.025332433,0.128061109,0.9686025,-0.277748436,0.184530726,1.076467602,0.42598403,0.47917545,1.221243647,0.506502925,1.174350222,1.213888193,1.136525069,0.977737861,1.100855541,0.780670513,0.101430175,1.036484946,1.423281092,1.563095411,1.379690783,1.320091827,1.201745387
2019-01,0.4695,0.440201693,-0.264245459,0.499358872,-0.786411004,-0.07661315,0.642576556,-1.04344113,0.804530443,0.393309101,0.773998767,0.526866504,0.885067209,0.351150497,-0.787678263,0.819217672,0.901899709,0.998367839,0.231347453,0.869195349,-0.319980764,0.186369381,1.04951229,0.272053096,0.201808328,1.110769996,0.438338409,1.113936142,1.262298822,1.072496819,1.011453005,0.945363635,0.887837456,0.086887108,1.066314512,1.284748304,1.522054267,1.392477539,1.353733455,1.167291338
2019-02,0.502833333,0.190949563,-0.119094828,0.562998133,-0.792011916,-0.07661315,0.63357832,-0.982758681,0.988209081,0.30966116,0.745928948,0.484854056,0.974484215,0.348731107,-0.791249914,0.611610373,0.904675374,1.054396862,0.358808109,0.866482835,-0.414659696,0.135116402,1.139815098,0.268187136,0.182342316,1.25785272,0.402035761,1.072101092,1.280929085,0.937430447,1.051876912,0.782034674,0.919245857,0.056906156,1.061222369,1.175796269,1.456390818,1.355591077,1.3089174,1.069047105
2019-03,0.527333333,0.429660329,-0.352379226,0.658891,-0.792011916,-0.07661315,0.690635729,-0.863641403,0.914414197,0.602758752,0.742310683,0.397115885,0.969270049,0.462969277,-0.781126441,0.607386462,0.924150107,0.990370795,0.872330882,0.797155389,-0.561589419,0.122788012,1.201070087,0.163475699,0.314950801,1.463947702,0.458118576,1.068945164,1.401461556,0.983157835,1.155335159,0.736802895,0.93273961,0.045570142,1.111615546,1.207597312,1.502228794,1.326423596,1.325581499,1.201621639
2019-04,0.486166667,1.18008275,0.011264752,0.648962938,-0.792011916,-0.07661315,0.734748086,-0.886100034,0.854271335,0.585791757,0.807974864,0.417940268,0.970505674,0.568445443,-0.763108592,0.640290527,0.930405944,0.917645118,1.016457269,0.772899743,-0.528899584,0.111304531,1.247804482,0.117139637,0.366503583,1.499532172,0.551100218,1.050424096,1.448365336,0.983793683,1.232618733,0.693083311,0.942227539,0.178965823,1.161652072,1.29261573,1.505585594,1.297722441,1.365424221,1.197415241
2019-05,0.452333333,1.190464718,-0.016707565,0.660519553,-0.806227992,-0.07661315,0.793073756,-0.859597611,0.827469837,0.518696125,0.773008991,0.421784439,0.961296808,0.623546747,-0.761003326,0.690106041,0.954582288,0.927368454,0.951589552,0.749821334,-0.566230069,0.095017165,1.233434975,0.156963024,0.365258524,1.434753212,0.556852543,1.070207574,1.456009207,1.002829451,1.272776063,0.677716622,0.963078642,0.230855524,1.16072562,1.296163113,1.526688628,1.339162183,1.417905414,1.191727488
2019-06,0.468166667,1.210215012,-0.030978301,0.657668947,-0.806227992,-0.07661315,0.794086104,-0.859404469,0.827302841,0.517965218,0.773008991,0.421784439,0.958543262,0.621868975,-0.761003326,0.673382938,0.920327516,0.927237219,0.951589552,0.749821334,-0.56614994,0.095017165,1.233434975,0.156963024,0.365258524,1.425843375,0.556852543,1.070207574,1.456009207,1.00210569,1.273089245,0.67276231,0.963396769,0.233660517,1.160894063,1.290731556,1.526688628,1.339225477,1.416255046,1.191727488
2019-07,0.4605,1.210215012,-0.029958282,0.657804757,-0.806227992,-0.07661315,0.794086104,-0.859404469,0.833644103,0.519914232,0.773627634,0.421784439,0.959782621,0.62251433,-0.761003326,0.673382938,0.938870714,0.92841817,0.951589552,0.749821334,-0.563316509,0.097176093,1.236506906,0.166622031,0.365258524,1.425843375,0.556852543,1.070207574,1.456009207,1.00210569,1.273089245,0.692302629,0.95614875,0.233660517,1.160894063,1.301707683,1.526688628,1.339225477,1.416255046,1.191727488
2019-08,0.453333333,1.210215012,-0.029958282,0.657804757,-0.806227992,-0.07661315,0.794086104,-0.859404469,0.837144449,0.519914232,0.773627634,0.421784439,0.962535208,0.622643392,-0.761003326,0.673382938,0.936967915,0.929074099,0.951809449,0.749090149,-0.56183739,0.098006588,1.236506906,0.166622031,0.365258524,1.432420791,0.556852543,1.070207574,1.456009207,1.00210569,1.273089245,0.692302629,0.946636826,0.233660517,1.160894063,1.297937141,1.526688628,1.339225477,1.416255046,1.191727488
2019-09,0.471333333,1.210708352,-0.003474487,0.660926539,-0.806227992,-0.07661315,0.799819539,-0.856888853,0.853441521,0.51236053,0.748297506,0.416618273,0.97174087,0.621094454,-0.753385535,0.687923756,0.947104311,0.933662505,0.984736927,0.752744607,-0.553260415,0.099501672,1.22261533,0.179672106,0.393717137,1.476813132,0.563143375,1.079042965,1.457584725,1.03878413,1.272149692,0.695034691,0.9444733,0.232175365,1.158367571,1.326016306,1.526688628,1.339605223,1.430048234,1.191603884
2019-10,0.524833333,1.17810421,0.0831233,0.646918431,-0.830540297,-0.07661315,0.860527144,-0.858824726,0.871990694,0.430779198,0.733811775,0.426586219,1.020664704,0.566230723,-0.731154376,0.719132085,0.911285447,1.008790751,1.021042182,0.779553024,-0.481985148,0.122954527,1.236629766,0.244110376,0.400164719,1.540779345,0.569433332,1.110575005,1.500493361,1.072585905,1.286303734,0.783446669,0.950957922,0.25763418,1.184909503,1.351914311,1.56788367,1.374918246,1.44570063,1.167291338
2019-11,0.5875,0.87550237,-0.102641554,0.527880017,-0.860863953,-0.07661315,0.796616232,-0.927957341,0.884696455,0.367813246,0.619479219,0.312411998,1.007783644,0.387223137,-0.624435136,0.644151641,0.953845728,1.075294759,0.898229688,0.738715867,-0.394031426,0.034984212,1.181216191,0.379072204,0.180521193,1.586339892,0.351791213,1.200096546,1.426324163,1.065988703,1.247717543,0.813781814,0.890382171,0.275210652,1.116988722,1.290509906,1.574617713,1.435096748,1.535797957,1.212393985
2019-12,0.647166667,0.87550237,-0.291440041,0.591681341,-0.860863953,-0.07661315,0.677065177,-0.957191999,0.873808131,0.471611933,0.617927894,0.230058776,0.797958944,0.373831905,-0.616375903,0.486765502,0.890775111,0.99914087,0.764991171,0.590820682,-0.231487067,0.217808644,1.095207589,0.422550256,0.233793103,1.722614119,0.390003368,1.027891128,1.317067486,1.048467767,1.213889387,0.662454241,0.84598519,0.420079362,1.115057445,1.177109246,1.506544158,1.363280894,1.481304059,1.090272175
2020-01,0.711166667,1.299180727,0.183465446,0.578147658,-0.860863953,-0.07661315,0.700922642,-0.957191999,0.917031176,0.591853855,0.623483697,0.447787834,0.958818712,0.34362127,-0.207931037,0.472233365,0.851668213,0.86626231,0.684888884,0.418714433,0.019834474,0.460806761,1.194044499,0.505192996,0.564456676,1.846379874,0.643386753,1.031261365,1.3700152,1.026920463,1.310152727,0.639976192,0.894808265,0.617691976,1.271278316,1.13849593,1.532269875,1.375106726,1.558672789,1.221318231
2020-02,0.731833333,1.111632996,0.669383435,0.713991673,-0.860863953,-0.07661315,0.561479651,-0.957191999,0.960950012,0.545716302,0.741062138,0.658172515,1.050853527,0.37409995,0.086599572,0.392024912,0.8040061,0.667664623,0.579491978,0.330419818,0.429854746,0.755400932,1.34310027,0.546140713,1.065104439,1.857534765,0.558470265,1.226432282,1.371500424,0.917952645,1.387333373,0.508227769,0.910477758,0.645151975,1.371427856,1.130892041,1.470646358,1.255752694,1.521132994,1.177895503
2020-03,0.768166667,1.263378799,0.455347274,0.721698088,-0.860863953,-0.07661315,0.546400556,-0.957191999,0.919973344,0.66582343,0.761482181,0.768693528,1.038081492,0.319511487,0.260199679,0.400989905,0.951108584,0.511613186,0.690288044,0.239746088,0.565229629,0.887724266,1.355978261,0.453457147,1.358599854,1.840396229,0.776117506,1.226014573,1.433156277,0.975339061,1.455466832,0.281585466,0.927900492,0.746577451,1.457254081,1.128396069,1.481477178,1.2940196,1.486098741,1.138765488
2020-04,0.712666667,1.172166625,0.323763415,0.690474056,-0.860863953,-0.07661315,0.612242801,-0.957349738,0.802515289,0.562974543,0.773008991,0.802476712,1.100827001,0.321803997,0.411297756,0.306120401,1.012599482,0.477156965,0.712763548,0.156218718,0.611481913,0.999853869,1.397521629,0.455975628,1.204162886,1.774818688,0.863731669,1.184401823,1.496534959,0.973882995,1.504804145,0.226069121,0.87754815,0.8280969,1.528162183,1.205619369,1.538318611,1.354707856,1.536982596,1.214996055
2020-05,0.628333333,1.220570891,0.323763415,0.69342477,-0.860863953,-0.07661315,0.688232985,-0.895476287,0.770820503,0.621639107,0.755642287,0.797235228,1.135593089,0.323152267,0.483862569,0.347898884,1.001404484,0.457178693,0.676786605,0.147483083,0.671768095,0.995589359,1.396192432,0.455059817,1.193685942,1.802774083,0.858781545,1.181051883,1.520943108,1.000748335,1.490506085,0.223013049,0.888822837,0.850033405,1.538742192,1.235229108,1.549372492,1.341566779,1.553871353,1.215243907
2020-06,0.5955,1.220570891,0.323763415,0.693156654,-0.860863953,-0.07661315,0.688232985,-0.895293933,0.770820503,0.621639107,0.755642287,0.797235228,1.135724138,0.326926373,0.483862569,0.347898884,1.001404484,0.457031464,0.679262747,0.146495954,0.674090247,0.995589359,1.396192432,0.455059817,1.193282767,1.802974772,0.859488828,1.180633099,1.521181674,1.000748335,1.490506085,0.222904232,0.887508902,0.850033405,1.538742192,1.234567548,1.549169328,1.342136116,1.553871353,1.215863566
2020-07,0.642,1.220570891,0.323763415,0.693156654,-0.860863953,-0.07661315,0.688232985,-0.895293933,0.770820503,0.621639107,0.755642287,0.797235228,1.135724138,0.326926373,0.483862569,0.348016434,1.001404484,0.457031464,0.679262747,0.146495954,0.674090247,0.995589359,1.396192432,0.455059817,1.193282767,1.802974772,0.859488828,1.180633099,1.521181674,1.000748335,1.490506085,0.222904232,0.886194225,0.850033405,1.538742192,1.234347039,1.549169328,1.342136116,1.553871353,1.216359321
2020-08,0.751166667,1.163749994,0.277378168,0.691815683,-0.860863953,-0.07661315,0.686001032,-0.9071977,0.760486232,0.589186865,0.742185849,0.793216448,1.127327324,0.325039514,0.483862569,0.343077019,0.995169637,0.454085886,0.679262747,0.142545731,0.668600929,0.995589359,1.386519303,0.453915053,1.193282767,1.801369092,0.85895837,1.159053389,1.521181674,0.99332118,1.486989642,0.221925898,0.886194225,0.819838546,1.53461094,1.188608936,1.544832649,1.342072859,1.553281341,1.216359321
2020-09,0.823333333,1.139457056,0.185462101,0.647327456,-0.860863953,-0.07661315,0.66501582,-0.89965366,0.680025597,0.517234279,0.72754939,0.781810922,1.135068846,0.294527906,0.483862569,0.314289339,0.966975442,0.456736993,0.674084916,0.102898027,0.643874196,0.987355399,1.34151964,0.41362309,1.198522796,1.779855395,0.817691101,1.114776353,1.521181674,0.971789124,1.480570131,0.219758494,0.886194225,0.837173854,1.510279056,1.175468066,1.544968243,1.337073027,1.548895906,1.231987939
2020-10,0.987666667,0.893756785,0.050800369,0.655630972,-0.860863953,-0.07661315,0.605984639,-0.839435415,0.525512377,0.274068616,0.761233874,0.860621634,1.108097903,0.287900066,0.626589772,0.294140905,0.925211201,0.419777411,0.724436965,-0.032984559,0.665644294,0.886791927,1.249399963,0.536536394,1.290378749,1.733169204,0.914528119,1.05021357,1.496654967,0.916755814,1.450760425,0.197694932,0.888576531,0.804461665,1.500411414,1.211774633,1.458192841,1.300146993,1.526648637,1.260322939
2020-11,1.156166667,0.691893627,0.06899488,0.571845809,-0.860863953,-0.07661315,0.345601713,-0.682484869,0.12236145,0.123657885,0.77486459,0.839774634,1.117988963,0.190489141,0.666250588,0.293309678,0.810478752,0.064992244,0.60052686,-0.195274455,0.350603178,0.798155183,1.164546154,0.217373086,0.859859011,1.214687092,0.528085265,0.795669086,1.356003103,0.933577614,1.353469814,0.197694932,0.907954901,0.721118412,1.465750876,1.295941375,1.44813284,1.125321458,1.503436943,1.332884414
2020-12,1.039,0.661440225,0.097231794,0.680121512,-0.860863953,-0.07661315,0.269850505,-0.533285247,-0.022784849,0.032271561,0.644080821,0.751709568,1.056351546,0.251034547,0.664571733,0.264974593,0.719440749,-0.137317111,0.496098798,-0.306010803,0.584125245,0.917168711,0.976507927,0.362151151,0.954646434,1.174566475,0.539953371,0.577661471,1.193287414,0.933577614,1.35727782,0.197694932,0.911372311,0.758043097,1.482889019,1.430968986,1.391123693,1.070240306,1.42822881,1.515536534
2021-01,1.180666667,1.127540409,0.524130964,0.641185613,-0.860863953,-0.07661315,0.278790549,-0.380224404,-0.262408677,0.073970584,0.519622787,0.764200467,1.116408233,0.330564209,0.664571733,0.301142,0.616418791,-0.22919805,0.566590331,-0.419258982,0.792188977,0.917786933,0.898044825,0.378843483,1.288382377,1.089683232,0.667036296,0.467305352,1.144102044,0.933577614,1.367573539,0.197694932,0.814069208,0.726780049,1.49742414,1.539565327,1.41079865,0.964401967,1.332567892,1.618414996
2021-02,1.209666667,2.053054655,1.135823466,0.738102298,-0.860863953,-0.07661315,0.398547428,-0.060438532,-0.589768827,0.402130072,0.387943385,0.83402217,1.20116954,0.31775801,0.569312066,0.446376122,0.415298979,-0.446268241,0.93221913,-0.563672661,0.712245214,1.159110853,0.67635058,0.566712371,1.497432164,0.778442025,0.955633408,0.67524319,1.028754673,0.919517308,1.50585092,0.197694932,0.710414157,0.940244509,1.680350581,1.685407725,1.470024597,0.898635426,1.286853519,1.774470533
2021-03,1.256333333,1.812180779,1.310625365,0.670540874,-0.860863953,-0.07661315,0.461242165,-0.320140769,-0.706888658,0.218615581,0.277530315,0.883454107,1.092214969,0.280049396,0.356623518,0.418407365,0.233210607,-0.499314194,0.61634601,-0.651249179,0.641547441,1.165162439,0.539576012,0.673637189,1.409978915,0.375645188,0.89321343,0.712614256,0.813321911,0.77197032,1.437806497,0.197694932,0.544481555,0.845748628,1.619453028,1.649911566,1.471544289,0.846872662,1.186380129,1.661509788
2021-04,1.336666667,1.339269999,1.006161584,0.637904274,-0.860863953,-0.07661315,0.438801744,-0.47746162,-0.708172932,0.360700812,0.168310551,0.876441008,1.02958627,0.223310717,0.156623241,0.297939212,0.093326798,-0.507052656,0.467733934,-0.682230669,0.560131414,1.102682133,0.468165887,0.738082258,1.394398314,0.216474667,0.887393501,0.737524583,0.67243082,0.739225182,1.415642819,0.197694932,0.468529536,0.729942908,1.605131255,1.673253014,1.483405716,0.825484069,1.070498463,1.722067687
2021-05,1.419833333,1.181071897,0.903325689,0.575068612,-0.860863953,-0.07661315,0.365456832,-0.517665752,-0.737099825,0.360700812,0.155570759,0.883344612,1.027290429,0.159928693,0.145724703,0.249916929,0.053620729,-0.547997026,0.45320753,-0.686952877,0.650218161,1.105667451,0.448827185,0.697948543,1.359590645,0.179747573,0.832761085,0.657337247,0.657622381,0.716807212,1.375742658,0.197694932,0.409575641,0.642474558,1.600870361,1.665734375,1.461448306,0.77910329,1.007940258,1.73129032
2021-06,1.273666667,1.234364826,0.903791169,0.57730827,-0.860863953,-0.07661315,0.36437522,-0.517899082,-0.73733127,0.367568009,0.155570759,0.883344612,1.030261235,0.173850149,0.145724703,0.249677608,0.053620729,-0.547997026,0.480896681,-0.682598495,0.67345697,1.110142216,0.450355808,0.707708271,1.360977573,0.179747573,0.84869837,0.66024981,0.657622381,0.716997461,1.38054216,0.197694932,0.406525304,0.652178433,1.604148185,1.682646151,1.462279068,0.778838877,1.007940258,1.731413236
2021-07,1.322166667,1.234364826,0.902860188,0.577168347,-0.860863953,-0.07661315,0.36437522,-0.517899082,-0.741687368,0.365606065,0.154845972,0.883344612,1.029046205,0.173167928,0.145724703,0.249677608,0.030414543,-0.549066163,0.480896681,-0.682598495,0.666066707,1.108203625,0.447627327,0.697948543,1.360977573,0.179747573,0.84869837,0.66024981,0.657622381,0.716997461,1.38054216,0.182586741,0.406525304,0.652178433,1.604148185,1.671926459,1.462279068,0.778838877,1.007940258,1.731413236
2021-08,1.439166667,1.241255848,0.924716515,0.577168347,-0.860863953,-0.07661315,0.367259159,-0.517899082,-0.747630671,0.365606065,0.154845972,0.883892064,1.026344652,0.172076327,0.145724703,0.249677608,0.028554405,-0.549659061,0.480669756,-0.681242451,0.662264564,1.10745782,0.447627327,0.697948543,1.360977573,0.172559459,0.84869837,0.66024981,0.657622381,0.716997461,1.386772761,0.182586741,0.406525304,0.652512962,1.604148185,1.671926459,1.462279068,0.778838877,1.007940258,1.731536152
2021-09,1.341666667,1.247159289,0.88795327,0.566372141,-0.860863953,-0.07661315,0.384358814,-0.481908551,-0.758208018,0.369284634,0.147302299,0.897120172,1.017414943,0.198530483,0.131610985,0.233741219,0.015785165,-0.553787846,0.454342459,-0.689187312,0.640912813,1.106413513,0.442512687,0.702034746,1.344519129,0.112782408,0.838429961,0.677744366,0.655788094,0.738845759,1.390322897,0.180524911,0.406525304,0.653851016,1.605622741,1.642935883,1.462279068,0.788167234,1.007013787,1.739031398
2021-10,1.309333333,1.551663759,0.886554663,0.711329299,-0.860863953,-0.07661315,0.440585417,-0.328075526,-0.695771916,0.574630509,0.15455603,0.971063504,0.96844606,0.31141579,0.17347118,0.179760123,-0.064918486,-0.602761258,0.622444351,-0.684415031,0.55396959,1.119824325,0.407705001,0.791192245,1.481809345,0.149186306,0.760985993,0.755554953,0.605505497,0.690702807,1.419992144,0.122289786,0.397859834,0.760534276,1.619044217,1.587812782,1.416472973,0.780425554,1.065337748,1.759402015
2021-11,1.2155,1.887081072,1.076457746,0.711196113,-0.860863953,-0.07661315,0.759740625,0.000273038,-0.641361222,0.726872589,0.224525802,1.150931464,0.932138858,0.439624508,0.203953979,0.140815356,-0.185164149,-0.539356225,0.720172803,-0.669880687,0.753017794,1.28513918,0.381132415,0.854856218,1.554410841,0.144797796,0.948442374,0.882211715,0.548561821,0.668541776,1.4726012,0.107222243,0.377232997,0.697115182,1.648582953,1.487347546,1.359947282,0.827214812,1.09497178,1.756336643
2021-12,1.2195,2.1740541,1.10937808,0.614408896,-0.860863953,-0.07661315,0.954059156,0.44692017,-0.689608903,1.056649524,0.215082631,1.195833784,0.870837471,0.368335038,0.483618146,0.073391225,-0.261526731,-0.524743788,1.107493081,-0.58031057,0.815584911,1.15009405,0.380823925,0.675456079,1.553829356,0.100161906,1.081445235,0.923959967,0.511472932,0.567769144,1.550798399,0.107222243,0.362337042,0.847232018,1.692094338,1.414256914,1.303454817,0.872638755,1.164117504,1.696697708
2022-01,1.320666667,1.753347802,0.294674078,0.604316078,-0.860863953,-0.07661315,0.900935138,0.607064792,-0.603598118,0.867305536,0.197289965,1.116480069,0.529599009,0.316139125,0.348234024,-0.066978853,-0.383487728,-0.342933019,1.318725688,-0.427740761,0.7930254,1.127557004,0.409817554,0.561913503,1.318682085,-0.043599812,0.985397969,0.882844115,0.302532894,0.400333384,1.482360644,0.086212229,0.143840633,0.738595433,1.556483341,1.25642336,1.199583191,0.864357283,1.203953607,1.466605632
2022-02,1.394,1.865126012,-0.862052776,0.466003148,-0.860863953,-0.07661315,1.02588479,0.612409408,-0.546669487,0.925482836,0.138875652,1.017736084,0.259602407,0.208883121,0.319336573,-0.258907723,-0.541629834,-0.190404093,1.458499551,-0.256887353,0.644720205,0.947073288,0.299071838,0.529217227,1.191065021,-0.061632305,0.96912544,0.658585373,0.152409825,0.283573777,1.437868516,0.086212229,-0.035902089,0.67257341,1.415421459,1.054263755,1.131399983,0.930124306,1.191276671,1.244531767
2022-03,1.397,1.469856059,-1.035949595,0.460597118,-0.860863953,-0.07661315,1.24292811,0.724233403,-0.445764002,0.682921818,0.152090873,0.890018996,0.002996248,0.28194492,0.421373372,-0.449809574,-0.76708442,-0.001153295,1.16865355,-0.038182571,0.779425822,0.967328178,0.258925557,0.591151166,0.996978039,0.109796813,0.754572765,0.559786644,0.014610473,0.113444505,1.29287808,0.086212229,-0.283641835,0.499693468,1.326208979,0.890524375,1.02243381,0.936741922,1.163207226,1.099155106
2022-04,1.250166667,1.086236568,-1.225282461,0.468774853,-0.860863953,-0.07661315,1.065177801,0.75595186,-0.426967767,0.590884101,0.081446307,0.821607601,-0.171979474,0.265957991,0.284215177,-0.502208655,-0.780288792,0.015134939,1.058724511,0.000605397,0.9061656,0.88554857,0.237464273,0.542253549,0.979322399,0.186013247,0.638546329,0.44684341,-0.009035266,0.075283084,1.210319676,0.086212229,-0.39593517,0.438880986,1.222861197,0.761699425,0.916681754,0.88807403,1.058606227,0.913156233
2022-05,1.2975,1.049790206,-1.242056933,0.480412914,-0.860863953,-0.07661315,0.995955471,0.687761392,-0.407627787,0.523080885,0.079684128,0.820497519,-0.22953691,0.236636378,0.226010801,-0.539594308,-0.780307481,0.01987614,1.051983886,0.001325093,0.844758378,0.898590191,0.234949016,0.578135087,1.021981897,0.163525552,0.655572998,0.459067157,-0.009567422,0.045942436,1.210131805,0.086212229,-0.422260115,0.406488904,1.224295304,0.76494169,0.901664588,0.899103385,1.048823617,0.90378536
2022-06,1.258666667,1.049790206,-1.232219912,0.480412914,-0.860863953,-0.07661315,0.995955471,0.687387408,-0.38190963,0.523080885,0.079684128,0.820497519,-0.229712031,0.255513568,0.226010801,-0.539594308,-0.780141727,0.023510074,1.049590817,0.017001355,0.870321639,0.898745267,0.234949016,0.578135087,1.021981897,0.172791234,0.654856342,0.459067157,-0.009567429,0.045942436,1.210131805,0.086212229,-0.422260115,0.406488904,1.224295304,0.818345419,0.901664588,0.904117402,1.048823617,0.903215405
2022-07,1.133,1.049790206,-1.232219912,0.480412914,-0.860863953,-0.07661315,0.996281613,0.687387408,-0.38190963,0.523080885,0.079684128,0.820497519,-0.229712031,0.255513568,0.226010801,-0.539694741,-0.780141727,0.023510074,1.049590817,0.017001355,0.870321639,0.899365527,0.236407526,0.578135087,1.02402914,0.172791234,0.655572998,0.459067157,-0.009567429,0.045942436,1.210131805,0.086212229,-0.422260115,0.406488904,1.224295304,0.818345419,0.901664588,0.904117402,1.048823617,0.904811701
2022-08,1.169833333,1.049790206,-1.232219912,0.481428776,-0.860863953,-0.07661315,0.996281613,0.687387408,-0.364881247,0.523080885,0.079684128,0.820497519,-0.229712031,0.255513568,0.226010801,-0.539694741,-0.780141727,0.026037504,1.049590817,0.020162203,0.884633535,0.899365527,0.236407526,0.578135087,1.02402914,0.174413848,0.655572998,0.459067157,-0.009567429,0.045882002,1.210131805,0.086212229,-0.422260115,0.406656645,1.224295304,0.818440193,0.901664588,0.904117402,1.048823617,0.904811701
2022-09,1.190833333,1.076262371,-1.150459585,0.539401315,-0.860863953,-0.07661315,1.020690665,0.714220086,-0.304987403,0.541094531,0.070866055,0.829149035,-0.252099742,0.239490145,0.27233327,-0.539694741,-0.780011962,-0.021096411,1.121746196,0.083834723,0.889606714,0.877304431,0.237057497,0.637676422,1.083245817,0.221366461,0.661842745,0.460472432,-0.00850149,0.03678514,1.218524183,0.086212229,-0.422260115,0.426289472,1.226066861,0.818155894,0.90151211,0.918291192,1.047623227,0.94617098
2022-10,1.1835,0.710950962,-1.132134241,0.520742926,-0.860863953,-0.07661315,0.952745077,0.653010301,-0.230877535,0.541094531,-0.019977294,0.724474974,-0.297694499,0.169620026,0.153650634,-0.591524152,-0.779708146,-0.038676931,0.939047178,0.163534862,0.811201985,0.839196284,0.274405288,0.518236159,1.025257321,0.127733195,0.603919687,0.396010548,-0.005276035,0.023104499,1.201866471,0.086212229,-0.424931176,0.320311786,1.184825202,0.782417888,0.871245786,0.964001306,1.008032902,0.982012297
2022-11,1.169333333,1.246175584,-1.262923093,0.525740917,-0.860863953,-0.07661315,1.115243006,0.527540093,-0.124608348,0.736455647,-0.042901694,0.773518748,-0.393868183,0.169620026,0.087834765,-0.650292141,-0.736334287,-0.038676931,0.924283857,0.204573358,0.76014961,0.695849746,0.29456479,0.412936429,1.055308432,0.136259905,0.676703601,0.368367281,0.11192012,0.009521386,1.222720915,0.086212229,-0.444376118,0.552942637,1.193930959,0.803557469,0.770275898,1.073813907,0.953289393,0.962623677
2022-12,1.153666667,1.652444668,-0.572505605,0.632837748,-0.860863953,-0.07661315,1.216453334,0.398410855,0.099811651,0.87840458,-0.055571814,0.909438641,-0.540903965,0.089825044,0.563734775,-0.70218983,-0.599846701,-0.057848132,0.798502003,0.329604948,0.558644224,0.47385742,0.384016398,0.106226657,1.073261432,0.232322587,0.739598274,0.391876595,0.300685466,0.009521386,1.336229478,0.086212229,-0.451324914,0.507758346,1.189377794,0.834847524,0.702235699,1.190985552,0.953289393,0.98874232
2023-01,1.1875,1.48433274,-0.252241155,0.833664614,-0.860863953,-0.07661315,1.103567555,0.264226088,0.304190526,0.802574971,-0.055571814,0.962573297,-0.660028676,0.051415532,0.758059951,-0.739590285,-0.458971108,-0.057848132,0.598718192,0.493668712,0.387236027,0.341350801,0.478487992,0.269778857,1.188040048,0.643259193,0.79070012,0.625986268,0.468350805,0.009521386,1.340916005,0.086212229,-0.455353474,0.590031516,1.232815722,0.827762903,0.631874664,1.261025148,0.953289393,0.986260976
2023-02,1.185833333,0.263410429,-1.097871646,0.71744893,-0.860863953,-0.07661315,0.807904534,-0.146685937,0.469754036,0.351870034,-0.055571814,0.864581663,-0.758334369,0.170711749,0.843167068,-0.775265513,-0.320695209,-0.057848132,0.129836628,0.765263678,0.502495386,-0.029757282,0.500687893,0.072748725,0.972335574,0.8833082,0.383360916,0.343901245,0.575260092,0.009521386,1.164019224,0.086307979,-0.455353474,0.332996266,1.030586155,0.783704065,0.497466405,1.327882907,0.953289393,0.85919149
2023-03,1.161833333,0.186102339,-1.275698019,0.812935257,-0.860863953,-0.07661315,0.793579951,-0.155360411,0.558472867,0.251979641,-0.055571814,0.833136532,-0.758334369,0.24899808,1.097680559,-0.771255288,-0.239983184,-0.057848132,0.182660469,0.893867526,0.669234416,-0.186327548,0.597533036,0.117362587,0.952793889,1.024516725,0.395569958,0.160269745,0.715780292,0.009521386,1.210131805,0.190260869,-0.449316383,0.334499286,1.043554741,0.870624384,0.473273814,1.406165861,0.953289393,0.933876919
2023-04,1.036,0.290130969,-1.216617996,0.878067362,-0.860863953,-0.07661315,0.731339825,-0.155360411,0.638013989,0.32905064,-0.055571814,0.807600912,-0.762669263,0.321129788,1.178677596,-0.768896297,-0.141506334,-0.057848132,0.251161171,0.979365147,0.680421498,-0.212169521,0.64652315,0.154718781,0.968635152,1.152110847,0.391798918,0.096038018,0.77405058,-0.002646636,1.19479259,0.26539263,-0.449316383,0.343688352,1.086633455,0.878614714,0.450109639,1.493329328,0.953289393,0.884728615
2023-05,0.7995,0.355067409,-1.213154492,0.878945922,-0.860863953,-0.07661315,0.769573483,-0.155360411,0.668087715,0.349171427,-0.055571814,0.797012054,-0.762689138,0.309120754,1.187366702,-0.764385697,-0.028015506,-0.057848132,0.266269226,0.985190951,0.590490708,-0.229181463,0.644966124,0.1544944,0.967401447,1.153213163,0.390362468,0.096038018,0.83938485,-0.005659404,1.197046022,0.274273087,-0.449316383,0.348201734,1.085461441,0.896710499,0.464779899,1.511291746,0.953289393,0.883826083
2023-06,0.679833333,0.282121391,-1.177440958,0.878067362,-0.860863953,-0.07661315,0.769573483,-0.155360411,0.689345746,0.346718029,-0.051993285,0.797012054,-0.763113894,0.295203974,1.187366702,-0.764385697,-0.028015506,-0.057848132,0.23967387,0.984848519,0.586883859,-0.233582132,0.654558452,0.145301639,0.966990186,1.154535733,0.383001915,0.093753435,0.83938485,-0.006017287,1.191913488,0.274273087,-0.449316383,0.335668429,1.088308033,0.881485083,0.464203517,1.511291746,0.953289393,0.884502939
2023-07,0.646333333,0.282121391,-1.177440958,0.878443921,-0.860863953,-0.07661315,0.769573483,-0.155360411,0.699334276,0.346718029,-0.051993285,0.797012054,-0.763113894,0.295203974,1.187366702,-0.764385697,-0.028015506,-0.057848132,0.239898998,0.985533351,0.586883859,-0.233582132,0.654558452,0.145301639,0.966990186,1.164007414,0.383001915,0.093753435,0.83938485,-0.006017287,1.191913488,0.274273087,-0.449316383,0.335668429,1.088308033,0.881286966,0.464203517,1.511291746,0.953289393,0.884502939
2023-08,0.662,0.330626549,-1.151032838,0.8895928,-0.860863953,-0.07661315,0.786996103,-0.155360411,0.70689661,0.361927176,-0.049458995,0.796677273,-0.762728739,0.294257466,1.187366702,-0.759868673,-0.026944248,-0.057848132,0.276426324,1.005223222,0.601943352,-0.233582132,0.665860925,0.158309944,0.974390912,1.199365873,0.405808119,0.093753435,0.869203497,0.013341202,1.208127908,0.274273087,-0.447173223,0.353218353,1.105741635,0.902717793,0.464731784,1.514095556,0.953289393,0.889587537
2023-09,0.700333333,0.420692552,-1.052951282,0.906049222,-0.860863953,-0.07661315,0.785475735,-0.193626528,0.770989711,0.360946087,-0.026820246,0.80915932,-0.763076262,0.268940364,1.167966936,-0.754313038,-0.007953119,-0.057848132,0.306034319,1.037651077,0.619744597,-0.235922669,0.693042828,0.141270119,1.001695732,1.218184645,0.422519321,0.067734942,0.887493601,-0.011451338,1.232054903,0.274273087,-0.444446845,0.390726671,1.122196346,0.944281827,0.472365104,1.516714884,0.939446232,0.894119144
2023-10,0.727333333,0.299201688,-1.047280603,0.808951181,-0.860863953,-0.07661315,0.696981348,-0.346063101,0.774541551,0.143196827,-0.005413387,0.762402031,-0.763076262,0.241935727,1.152538677,-0.743720554,0.034664297,0.002643324,0.134499896,1.039000573,0.630120362,-0.265066052,0.70165496,-0.008351095,0.852399832,1.111656613,0.490854011,-0.044568222,0.915028708,-0.010313962,1.206374589,0.274273087,-0.435125812,0.298482974,1.085545151,1.024547821,0.482548481,1.505861886,0.888714291,0.897411494
2023-11,0.757166667,-0.308382561,-1.27918518,0.864856589,-0.860863953,-0.07661315,0.34343244,-0.679573497,0.660805329,-0.074193196,-0.050949703,0.545108314,-0.763076262,0.145726272,0.917552138,-0.720393311,0.108816417,-0.121984337,-0.048515723,0.996017739,0.371471891,-0.36490205,0.699106069,-0.186685459,0.658544648,0.918993611,0.232071619,-0.158766427,0.979564975,-0.007932984,1.142912364,0.274273087,-0.415319468,0.22871138,1.063642772,1.050534909,0.500860277,1.439436174,0.787347421,0.829805234
2023-12,0.900666667,-1.071052859,-1.22297114,0.827538356,-0.860863953,-0.07661315,0.013908268,-1.049027687,0.59683465,-0.265662831,-0.121423303,0.388307806,-0.763076262,0.187353392,0.507790139,-0.691982105,0.182472714,-0.232157487,-0.33154544,0.977077929,0.14799145,-0.401032502,0.657080577,-0.039514324,0.55797354,0.565583728,0.001993611,-0.15165669,1.080899366,0.003389822,1.100636493,0.274273087,-0.29555798,0.162167626,0.983395839,1.110419157,0.528341857,1.344602478,0.659285753,0.799118039
2024-01,0.943666667,-1.496592786,-1.22297114,0.703994497,-0.860863953,-0.07661315,-0.202416458,-1.099945195,0.364598908,-0.426041832,-0.229583996,0.113041635,-0.763076262,0.105957364,0.134086624,-0.684233087,0.18363501,-0.477312924,-0.48080996,0.828887464,-0.094639743,-0.523483094,0.417455628,-0.251056128,0.270050312,0.189031679,-0.225286686,-0.210702501,1.082883424,0.003389822,1.022884811,0.274273087,-0.29531305,-0.017809539,0.922913234,1.127094313,0.528341857,1.246610214,0.489501713,0.798799003
